Workbook

Sheet captureData
A1: record_number | B1: Band.Size | C1: Measurer | D1: Hora | E1: Dia | F1: Mes | G1: Ano | H1: Date collected | I1: Season | J1: Locality | K1: Habitat | L1: Red | M1: Scientific_Name | N1: Peso | O1: Nuevo.Recap | P1: Number/Code | Q1: band_num_est | R1: Cloaca | S1: Placa.de incubacion | T1: Grasa | U1: Muda.de.Cuerpo | V1: Mude.de.cola | W1: Muda.de.Plumas.del.Vuelo | X1: Degaste | Y1: Limite.de.Muda | Z1: Wing_Chord | AA1: Left.wing | AB1: Tail_Length | AC1: Codigo.de.Edad | AD1: Caracteristicas.para.Edad | AE1: Sex | AF1: Como.Sexo | AG1: Estado | AH1: Pluma | AI1: Sangre | AJ1: Escremento | AK1: L color band | AL1: R color band | AM1: HoraPhoto | AN1: Comments | AO1: Numero.de.Nota | AP1: Page.datasheet | AQ1: Bill_TotalCulmen | AR1: Bill_FromNostril | AS1: Bill_Width | AT1: Bill_Depth | AU1: Tarsus_Length | AV1: Kipp's_Distance | AW1: Gape_Width | AX1: CaliperMeasurer | AY1: Craneo | AZ1: Registrador | BA1: Feather.Verified | BB1: Blood.Inventory | BC1: Poop.Inventory | BD1: Latitude | BE1: Longitude | BF1: Elevation_masl | BG1: DistEdge_m | BH1: acc_m | BI1: Musculo | BJ1: Ala.der.plano | BK1: Tarso.diametro | BL1: total_head | BM1: Hallux | BN1: fotos | BO1: fotographo | BP1: ring_authority | BQ1: plumaje_juvenil | BR1: ff_moult_score | BS1: PP_moult_score | BT1: SS_moult_score | BU1: TT_moult_score | BV1: alulas | BW1: ppcovs | BX1: grcovs | BY1: medcovs | BZ1: lesscovs | CA1: underwing_covs | CB1: plumas_flanco | CC1: Desgaste old | CD1: Cloaca old | CE1: Placa.de.Incubacion old | CF1: Grasa old | CG1: Muda.de.Cuerpo old | CH1: Estacion old | CI1: Red old | CJ1: FLAG?
A2: 2878 | B2: 2 | C2: PFR | D2: 0.30138889 | E2: 26 | F2: 7 | G2: 2022 | H2: =DATE(G2,F2,E2) -> 44768 | I2: July_2022 | J2: Cuidad de la Paz (1.613482, 10.882453) | K2: P | L2: =IF(CI2="","", IF(AND(J2="P200W",CI2>=1,CI2<=20),CI2+200, IF(AND(J2="P0E",CI2>=1,CI2<=20),CI2+40, IF(AND(J2="P200E",CI2>=1,CI2<=20),CI2+240, IF(AND(J2="P400W",CI2>=1,CI2<=20),CI2+400, IF(AND(J2="P400E",CI2>=1,CI2<=20),CI2+440, IF(AND(J2="P600E",CI2>=1,CI2<=20),CI2+640, IF(AND(J2="P800E",CI2>=1,CI2<=20),CI2+840, IF(AND(J2="S200",CI2>=1,CI2<=20),CI2+200, IF(AND(J2="S100",CI2>=1,CI2<=20),CI2+700, IF(AND(J2="S1000",CI2>=1,CI2<=20),CI2+1000, IF(AND(J2="S400",CI2>=1,CI2<=20),CI2+400, IF(AND(OR(J2="University line",J2="S01"),CI2>=1,CI2<=45),CI2+500, CI2))))))))))))) -> 11 | M2: Criniger calurus | N2: 45 | O2: N | P2: E2536 | Q2: EGBI02536 | R2: 0 | S2: 0 | T2: 0 | U2: 0 | V2: NA | W2: A | X2: 2 | Y2: N | Z2: 107 | AA2: NA | AB2: 97 | AC2: FAJ | AD2: P | AE2: U | AF2: D | AG2: NA | AH2: S | AI2: S | AJ2: S | AN2: photo's on LLP's canon macro : "glamour shots" | AO2: 2 | AP2: 2 | AQ2: 23.6 | AR2: 13.3 | AS2: 7.1 | AT2: 7 | AU2: 24.3 | AV2: 16.1 | AW2: 13.6 | AX2: LLP | AZ2: NA | CC2: P | CD2: N | CE2: N | CF2: N | CG2: N | CH2: P14 | CI2: 11 | CJ2: =IF(COUNTIF(reviewFlags!A:C, A2) > 0, "FLAG", "") -> FLAG
A3: 2888 | B3: 1A | C3: LLP | D3: 0.31666667 | E3: 25 | F3: 7 | G3: 2022 | H3: =DATE(G3,F3,E3) -> 44767 | I3: July_2022 | J3: Cuidad de la Paz (1.613482, 10.882453) | K3: P | L3: =IF(CI3="","", IF(AND(J3="P200W",CI3>=1,CI3<=20),CI3+200, IF(AND(J3="P0E",CI3>=1,CI3<=20),CI3+40, IF(AND(J3="P200E",CI3>=1,CI3<=20),CI3+240, IF(AND(J3="P400W",CI3>=1,CI3<=20),CI3+400, IF(AND(J3="P400E",CI3>=1,CI3<=20),CI3+440, IF(AND(J3="P600E",CI3>=1,CI3<=20),CI3+640, IF(AND(J3="P800E",CI3>=1,CI3<=20),CI3+840, IF(AND(J3="S200",CI3>=1,CI3<=20),CI3+200, IF(AND(J3="S100",CI3>=1,CI3<=20),CI3+700, IF(AND(J3="S1000",CI3>=1,CI3<=20),CI3+1000, IF(AND(J3="S400",CI3>=1,CI3<=20),CI3+400, IF(AND(OR(J3="University line",J3="S01"),CI3>=1,CI3<=45),CI3+500, CI3))))))))))))) -> 1 | M3: Criniger chloronotus | N3: 42.5 | O3: N | P3: B10019 | Q3: XBI10019 | R3: 0 | S3: 0 | T3: 0 | U3: 0 | V3: NA | W3: N | X3: 0 | Y3: P | Z3: 106 | AA3: NA | AB3: 94 | AC3: FAJ | AD3: P | AE3: U | AF3: D | AG3: N | AH3: S | AI3: S | AJ3: S | AM3: 0.35833333 | AN3: Have the measurements to ID this bird | AO3: 1 | AP3: 2 | AQ3: 22.3 | AR3: 12.9 | AS3: 6.4 | AT3: 6.7 | AU3: 23.9 | AV3: 19.4 | AW3: 12.4 | AX3: LLP | AZ3: NA | CC3: M | CD3: N | CE3: N | CF3: N | CG3: N | CH3: P14 | CI3: 1 | CJ3: =IF(COUNTIF(reviewFlags!A:C, A3) > 0, "FLAG", "")
A4: 2889 | B4: 1B | C4: PFR | D4: 0.3625 | E4: 21 | F4: 7 | G4: 2022 | H4: =DATE(G4,F4,E4) -> 44763 | I4: July_2022 | J4: Cuidad de la Paz (1.613482, 10.882453) | K4: P | L4: =IF(CI4="","", IF(AND(J4="P200W",CI4>=1,CI4<=20),CI4+200, IF(AND(J4="P0E",CI4>=1,CI4<=20),CI4+40, IF(AND(J4="P200E",CI4>=1,CI4<=20),CI4+240, IF(AND(J4="P400W",CI4>=1,CI4<=20),CI4+400, IF(AND(J4="P400E",CI4>=1,CI4<=20),CI4+440, IF(AND(J4="P600E",CI4>=1,CI4<=20),CI4+640, IF(AND(J4="P800E",CI4>=1,CI4<=20),CI4+840, IF(AND(J4="S200",CI4>=1,CI4<=20),CI4+200, IF(AND(J4="S100",CI4>=1,CI4<=20),CI4+700, IF(AND(J4="S1000",CI4>=1,CI4<=20),CI4+1000, IF(AND(J4="S400",CI4>=1,CI4<=20),CI4+400, IF(AND(OR(J4="University line",J4="S01"),CI4>=1,CI4<=45),CI4+500, CI4))))))))))))) -> 10 | M4: Criniger calurus | N4: NA | O4: N | P4: B9903 | Q4: XBI9903 | R4: 0 | S4: 0 | T4: 0 | U4: 0 | V4: NA | W4: N | X4: 3 | Y4: N | Z4: 91 | AA4: NA | AB4: 87 | AC4: FAJ | AD4: P | AE4: U | AF4: D | AG4: NA | AH4: S | AI4: S | AJ4: N | AK4: B | AL4: # | AM4: 0.36111111 | AN4: 21.1 was the first tarsus measurement that LLP took; pretty sure shtat these caliper data are correct b/c this is the ony Criniger caloruson the datasheet | AO4: 8 | AP4: 1 | AR4: 10.4 | AS4: 6.7 | AT4: 5.3 | AU4: 21.8 | AV4: 15.6 | AW4: 14 | AX4: LLP | AZ4: NA | CC4: P | CD4: N | CE4: N | CF4: N | CG4: P | CH4: P10 | CI4: 10 | CJ4: =IF(COUNTIF(reviewFlags!A:C, A4) > 0, "FLAG", "")
A5: 2890 | B5: 1A | C5: PFR | D5: 0.31597222 | E5: 25 | F5: 7 | G5: 2022 | H5: =DATE(G5,F5,E5) -> 44767 | I5: July_2022 | J5: Cuidad de la Paz (1.613482, 10.882453) | K5: P | L5: =IF(CI5="","", IF(AND(J5="P200W",CI5>=1,CI5<=20),CI5+200, IF(AND(J5="P0E",CI5>=1,CI5<=20),CI5+40, IF(AND(J5="P200E",CI5>=1,CI5<=20),CI5+240, IF(AND(J5="P400W",CI5>=1,CI5<=20),CI5+400, IF(AND(J5="P400E",CI5>=1,CI5<=20),CI5+440, IF(AND(J5="P600E",CI5>=1,CI5<=20),CI5+640, IF(AND(J5="P800E",CI5>=1,CI5<=20),CI5+840, IF(AND(J5="S200",CI5>=1,CI5<=20),CI5+200, IF(AND(J5="S100",CI5>=1,CI5<=20),CI5+700, IF(AND(J5="S1000",CI5>=1,CI5<=20),CI5+1000, IF(AND(J5="S400",CI5>=1,CI5<=20),CI5+400, IF(AND(OR(J5="University line",J5="S01"),CI5>=1,CI5<=45),CI5+500, CI5))))))))))))) -> 19 | M5: Criniger chloronotus | N5: 43.4 | O5: N | P5: B10020 | Q5: XBI10020 | R5: 0 | S5: 2 | T5: 0 | U5: 0 | V5: NA | W5: N | X5: 1 | Y5: N | Z5: 100 | AA5: NA | AB5: 89 | AC5: FAJ | AD5: P | AE5: F | AF5: B | AG5: S | AH5: S | AI5: N | AJ5: N | AM5: 0.36180556 | AO5: 10 | AP5: 1 | AQ5: 20.3 | AR5: 12.1 | AS5: 6.4 | AT5: 7.1 | AU5: 23.4 | AV5: 13 | AW5: 13.6 | AX5: LLP | AZ5: NA | CC5: NA | CD5: NA | CE5: NA | CF5: NA | CG5: NA | CH5: P14 | CI5: 19 | CJ5: =IF(COUNTIF(reviewFlags!A:C, A5) > 0, "FLAG", "")
A6: 2897 | B6: 1B | C6: NWR | D6: 0.34652778 | E6: 28 | F6: 7 | G6: 2022 | H6: =DATE(G6,F6,E6) -> 44770 | I6: July_2022 | J6: Cuidad de la Paz (1.613482, 10.882453) | K6: P | L6: =IF(CI6="","", IF(AND(J6="P200W",CI6>=1,CI6<=20),CI6+200, IF(AND(J6="P0E",CI6>=1,CI6<=20),CI6+40, IF(AND(J6="P200E",CI6>=1,CI6<=20),CI6+240, IF(AND(J6="P400W",CI6>=1,CI6<=20),CI6+400, IF(AND(J6="P400E",CI6>=1,CI6<=20),CI6+440, IF(AND(J6="P600E",CI6>=1,CI6<=20),CI6+640, IF(AND(J6="P800E",CI6>=1,CI6<=20),CI6+840, IF(AND(J6="S200",CI6>=1,CI6<=20),CI6+200, IF(AND(J6="S100",CI6>=1,CI6<=20),CI6+700, IF(AND(J6="S1000",CI6>=1,CI6<=20),CI6+1000, IF(AND(J6="S400",CI6>=1,CI6<=20),CI6+400, IF(AND(OR(J6="University line",J6="S01"),CI6>=1,CI6<=45),CI6+500, CI6))))))))))))) -> 5 | M6: Eurillas latirostris | N6: 24.9 | O6: N | P6: B9931 | Q6: XBI9931 | R6: 0 | S6: 2 | T6: 0 | U6: 0 | V6: NA | W6: N | X6: 1 | Y6: N | Z6: 76 | AA6: NA | AB6: 74 | AC6: FAJ | AD6: P | AE6: F | AF6: B | AG6: N | AH6: S | AI6: S | AJ6: N | AM6: 0.40972222 | AO6: 11 | AP6: 1 | AQ6: 16.4 | AR6: 8.2 | AS6: 5.1 | AT6: 5.1 | AU6: 18 | AV6: 12.5 | AW6: 13.9 | AX6: LLP | AZ6: NA | CC6: M | CD6: N | CE6: N | CF6: N | CG6: P | CH6: P11 | CI6: 5 | CJ6: =IF(COUNTIF(reviewFlags!A:C, A6) > 0, "FLAG", "")
A7: 2908 | C7: PFR | D7: 0.46527778 | E7: 25 | F7: 7 | G7: 2022 | H7: =DATE(G7,F7,E7) -> 44767 | I7: July_2022 | J7: Cuidad de la Paz (1.613482, 10.882453) | K7: P | L7: =IF(CI7="","", IF(AND(J7="P200W",CI7>=1,CI7<=20),CI7+200, IF(AND(J7="P0E",CI7>=1,CI7<=20),CI7+40, IF(AND(J7="P200E",CI7>=1,CI7<=20),CI7+240, IF(AND(J7="P400W",CI7>=1,CI7<=20),CI7+400, IF(AND(J7="P400E",CI7>=1,CI7<=20),CI7+440, IF(AND(J7="P600E",CI7>=1,CI7<=20),CI7+640, IF(AND(J7="P800E",CI7>=1,CI7<=20),CI7+840, IF(AND(J7="S200",CI7>=1,CI7<=20),CI7+200, IF(AND(J7="S100",CI7>=1,CI7<=20),CI7+700, IF(AND(J7="S1000",CI7>=1,CI7<=20),CI7+1000, IF(AND(J7="S400",CI7>=1,CI7<=20),CI7+400, IF(AND(OR(J7="University line",J7="S01"),CI7>=1,CI7<=45),CI7+500, CI7))))))))))))) -> 6 | M7: Criniger ndussumensis | N7: 23.7 | O7: N | P7: B9920 | Q7: BI9920 | R7: 0 | S7: 2 | T7: 1 | U7: 0 | V7: NA | W7: N | X7: 2 | Y7: N | Z7: 80 | AA7: NA | AB7: 75 | AC7: FAJ | AD7: P | AE7: F | AF7: B | AG7: N | AH7: S | AI7: S | AJ7: N | AM7: 0.46666667 | AO7: 1 | AP7: 3 | AQ7: 19.1 | AR7: 10.4 | AS7: 4.5 | AT7: 5.1 | AU7: 20.3 | AV7: 10.3 | AW7: 11.6 | AX7: LLP | AZ7: NA | CC7: P | CD7: N | CE7: V | CF7: R | CG7: N | CH7: P14 | CI7: 6 | CJ7: =IF(COUNTIF(reviewFlags!A:C, A7) > 0, "FLAG", "")
A8: 2914 | B8: 1A | C8: PFR | D8: 0.37569444 | E8: 25 | F8: 7 | G8: 2022 | H8: =DATE(G8,F8,E8) -> 44767 | I8: July_2022 | J8: Cuidad de la Paz (1.613482, 10.882453) | K8: P | L8: =IF(CI8="","", IF(AND(J8="P200W",CI8>=1,CI8<=20),CI8+200, IF(AND(J8="P0E",CI8>=1,CI8<=20),CI8+40, IF(AND(J8="P200E",CI8>=1,CI8<=20),CI8+240, IF(AND(J8="P400W",CI8>=1,CI8<=20),CI8+400, IF(AND(J8="P400E",CI8>=1,CI8<=20),CI8+440, IF(AND(J8="P600E",CI8>=1,CI8<=20),CI8+640, IF(AND(J8="P800E",CI8>=1,CI8<=20),CI8+840, IF(AND(J8="S200",CI8>=1,CI8<=20),CI8+200, IF(AND(J8="S100",CI8>=1,CI8<=20),CI8+700, IF(AND(J8="S1000",CI8>=1,CI8<=20),CI8+1000, IF(AND(J8="S400",CI8>=1,CI8<=20),CI8+400, IF(AND(OR(J8="University line",J8="S01"),CI8>=1,CI8<=45),CI8+500, CI8))))))))))))) -> 20 | M8: Criniger chloronotus | N8: 41.8 | O8: N | P8: B10024 | Q8: XBI10024 | R8: 0 | S8: 0 | T8: 0 | U8: 0 | V8: NA | W8: N | X8: 4 | Y8: N | Z8: 101 | AA8: NA | AB8: 92 | AC8: FAJ | AD8: P | AE8: U | AF8: D | AG8: N | AH8: S | AI8: N | AJ8: N | AM8: 0.48819444 | AO8: 15 | AP8: 2 | AQ8: 23.4 | AR8: 13.4 | AS8: 6.4 | AT8: 6.6 | AU8: 25.2 | AV8: 21.7 | AW8: 13.4 | AX8: LLP | AZ8: NA | CC8: NA | CD8: NA | CE8: NA | CF8: NA | CG8: NA | CH8: P14 | CI8: 20 | CJ8: =IF(COUNTIF(reviewFlags!A:C, A8) > 0, "FLAG", "")
A9: 2926 | C9: PFR | D9: 0.51041667 | E9: 21 | F9: 7 | G9: 2022 | H9: =DATE(G9,F9,E9) -> 44763 | I9: July_2022 | J9: Cuidad de la Paz (1.613482, 10.882453) | K9: P | L9: =IF(CI9="","", IF(AND(J9="P200W",CI9>=1,CI9<=20),CI9+200, IF(AND(J9="P0E",CI9>=1,CI9<=20),CI9+40, IF(AND(J9="P200E",CI9>=1,CI9<=20),CI9+240, IF(AND(J9="P400W",CI9>=1,CI9<=20),CI9+400, IF(AND(J9="P400E",CI9>=1,CI9<=20),CI9+440, IF(AND(J9="P600E",CI9>=1,CI9<=20),CI9+640, IF(AND(J9="P800E",CI9>=1,CI9<=20),CI9+840, IF(AND(J9="S200",CI9>=1,CI9<=20),CI9+200, IF(AND(J9="S100",CI9>=1,CI9<=20),CI9+700, IF(AND(J9="S1000",CI9>=1,CI9<=20),CI9+1000, IF(AND(J9="S400",CI9>=1,CI9<=20),CI9+400, IF(AND(OR(J9="University line",J9="S01"),CI9>=1,CI9<=45),CI9+500, CI9))))))))))))) -> 15 | M9: Criniger ndussumensis | N9: 26.2 | O9: N | P9: B9910 | Q9: BI9910 | R9: 0 | S9: 0 | T9: 0 | U9: 0 | V9: NA | W9: N | X9: 2 | Y9: N | Z9: 87 | AA9: NA | AB9: 81 | AC9: FAJ | AD9: P | AE9: U | AF9: D | AG9: N | AH9: S | AI9: S | AJ9: N | AM9: 0.60555556 | AN9: see pics; apparent molt limit in underrwing covs. Symmetrical @p9-p7 | AO9: 12 | AP9: 2 | AR9: 11.8 | AS9: 4 | AT9: NA | AU9: 20.7 | AV9: 11.5 | AW9: 10.5 | AX9: LLP | AZ9: NA | CC9: P | CD9: N | CE9: N | CF9: N | CG9: N | CH9: P10 | CI9: 15 | CJ9: =IF(COUNTIF(reviewFlags!A:C, A9) > 0, "FLAG", "")
A10: 2987 | B10: 1B | C10: LLP | D10: 0.41666667 | E10: 21 | F10: 7 | G10: 2022 | H10: =DATE(G10,F10,E10) -> 44763 | I10: July_2022 | J10: Cuidad de la Paz (1.613482, 10.882453) | K10: P | L10: =IF(CI10="","", IF(AND(J10="P200W",CI10>=1,CI10<=20),CI10+200, IF(AND(J10="P0E",CI10>=1,CI10<=20),CI10+40, IF(AND(J10="P200E",CI10>=1,CI10<=20),CI10+240, IF(AND(J10="P400W",CI10>=1,CI10<=20),CI10+400, IF(AND(J10="P400E",CI10>=1,CI10<=20),CI10+440, IF(AND(J10="P600E",CI10>=1,CI10<=20),CI10+640, IF(AND(J10="P800E",CI10>=1,CI10<=20),CI10+840, IF(AND(J10="S200",CI10>=1,CI10<=20),CI10+200, IF(AND(J10="S100",CI10>=1,CI10<=20),CI10+700, IF(AND(J10="S1000",CI10>=1,CI10<=20),CI10+1000, IF(AND(J10="S400",CI10>=1,CI10<=20),CI10+400, IF(AND(OR(J10="University line",J10="S01"),CI10>=1,CI10<=45),CI10+500, CI10))))))))))))) -> 10 | M10: Eurillas latirostris | N10: 27.8 | O10: N | P10: B9906 | Q10: XBI9906 | R10: 0 | S10: 2 | T10: 1 | U10: 0 | V10: NA | W10: N | X10: 2 | Y10: N | Z10: 78 | AA10: NA | AB10: 70 | AC10: FAJ | AD10: P | AE10: F | AF10: B | AG10: N | AH10: S | AI10: S | AJ10: N | AL10: R | AO10: 5 | AP10: 2 | AR10: 9 | AS10: 5.2 | AT10: 5.1 | AU10: 19.6 | AV10: 11.6 | AW10: 12.3 | AX10: LLP | AZ10: NA | CC10: R | CD10: N | CE10: V | CF10: R | CG10: N | CH10: P10 | CI10: 10 | CJ10: =IF(COUNTIF(reviewFlags!A:C, A10) > 0, "FLAG", "")
A11: 2998 | B11: 1B | C11: LLP | D11: 0.43541667 | E11: 21 | F11: 7 | G11: 2022 | H11: =DATE(G11,F11,E11) -> 44763 | I11: July_2022 | J11: Cuidad de la Paz (1.613482, 10.882453) | K11: P | L11: =IF(CI11="","", IF(AND(J11="P200W",CI11>=1,CI11<=20),CI11+200, IF(AND(J11="P0E",CI11>=1,CI11<=20),CI11+40, IF(AND(J11="P200E",CI11>=1,CI11<=20),CI11+240, IF(AND(J11="P400W",CI11>=1,CI11<=20),CI11+400, IF(AND(J11="P400E",CI11>=1,CI11<=20),CI11+440, IF(AND(J11="P600E",CI11>=1,CI11<=20),CI11+640, IF(AND(J11="P800E",CI11>=1,CI11<=20),CI11+840, IF(AND(J11="S200",CI11>=1,CI11<=20),CI11+200, IF(AND(J11="S100",CI11>=1,CI11<=20),CI11+700, IF(AND(J11="S1000",CI11>=1,CI11<=20),CI11+1000, IF(AND(J11="S400",CI11>=1,CI11<=20),CI11+400, IF(AND(OR(J11="University line",J11="S01"),CI11>=1,CI11<=45),CI11+500, CI11))))))))))))) -> 19 | M11: Eurillas latirostris | N11: 24.9 | O11: N | P11: B9901 | Q11: XBI9901 | R11: 0 | S11: 2 | T11: 1 | U11: 0 | V11: NA | W11: N | X11: 1 | Y11: N | Z11: 80 | AA11: NA | AB11: 75 | AC11: FAJ | AD11: P | AE11: F | AF11: B | AG11: NA | AH11: S | AI11: S | AJ11: S | AO11: 22 | AP11: 1 | AR11: 9 | AS11: 4.4 | AT11: 5 | AU11: 20.2 | AV11: 11.5 | AW11: 12.4 | AX11: LLP | AZ11: NA | CH11: P10 | CI11: 19 | CJ11: =IF(COUNTIF(reviewFlags!A:C, A11) > 0, "FLAG", "")
A12: 3031 | B12: 1B | C12: PFR | D12: 0.52083333 | E12: 21 | F12: 7 | G12: 2022 | H12: =DATE(G12,F12,E12) -> 44763 | I12: July_2022 | J12: Cuidad de la Paz (1.613482, 10.882453) | K12: P | L12: =IF(CI12="","", IF(AND(J12="P200W",CI12>=1,CI12<=20),CI12+200, IF(AND(J12="P0E",CI12>=1,CI12<=20),CI12+40, IF(AND(J12="P200E",CI12>=1,CI12<=20),CI12+240, IF(AND(J12="P400W",CI12>=1,CI12<=20),CI12+400, IF(AND(J12="P400E",CI12>=1,CI12<=20),CI12+440, IF(AND(J12="P600E",CI12>=1,CI12<=20),CI12+640, IF(AND(J12="P800E",CI12>=1,CI12<=20),CI12+840, IF(AND(J12="S200",CI12>=1,CI12<=20),CI12+200, IF(AND(J12="S100",CI12>=1,CI12<=20),CI12+700, IF(AND(J12="S1000",CI12>=1,CI12<=20),CI12+1000, IF(AND(J12="S400",CI12>=1,CI12<=20),CI12+400, IF(AND(OR(J12="University line",J12="S01"),CI12>=1,CI12<=45),CI12+500, CI12))))))))))))) -> 19 | M12: Bleda notatus | N12: 31 | O12: N | P12: B9908 | Q12: BI9908 | R12: 0 | S12: 0 | T12: 1 | U12: 0 | V12: NA | W12: N | X12: 1 | Y12: N | Z12: 86 | AA12: NA | AB12: 77 | AC12: FAJ | AD12: P | AE12: U | AF12: D | AG12: N | AH12: S | AI12: S | AJ12: N | AO12: 8 | AP12: 2 | AR12: 11.3 | AS12: 4.7 | AT12: 5.8 | AU12: 24.6 | AV12: 11.5 | AW12: 12.2 | AX12: LLP | AZ12: NA | CC12: R | CD12: N | CE12: N | CF12: R | CG12: N | CH12: P10 | CI12: 19 | CJ12: =IF(COUNTIF(reviewFlags!A:C, A12) > 0, "FLAG", "")
A13: 3118 | C13: PFR | D13: 0.52638889 | E13: 21 | F13: 7 | G13: 2022 | H13: =DATE(G13,F13,E13) -> 44763 | I13: July_2022 | J13: Cuidad de la Paz (1.613482, 10.882453) | K13: P | L13: =IF(CI13="","", IF(AND(J13="P200W",CI13>=1,CI13<=20),CI13+200, IF(AND(J13="P0E",CI13>=1,CI13<=20),CI13+40, IF(AND(J13="P200E",CI13>=1,CI13<=20),CI13+240, IF(AND(J13="P400W",CI13>=1,CI13<=20),CI13+400, IF(AND(J13="P400E",CI13>=1,CI13<=20),CI13+440, IF(AND(J13="P600E",CI13>=1,CI13<=20),CI13+640, IF(AND(J13="P800E",CI13>=1,CI13<=20),CI13+840, IF(AND(J13="S200",CI13>=1,CI13<=20),CI13+200, IF(AND(J13="S100",CI13>=1,CI13<=20),CI13+700, IF(AND(J13="S1000",CI13>=1,CI13<=20),CI13+1000, IF(AND(J13="S400",CI13>=1,CI13<=20),CI13+400, IF(AND(OR(J13="University line",J13="S01"),CI13>=1,CI13<=45),CI13+500, CI13))))))))))))) -> 5 | M13: Eurillas latirostris | N13: 24.5 | O13: N | P13: B9907 | Q13: BI9907 | R13: 0 | S13: 0 | T13: 1 | U13: 0 | V13: NA | W13: S | X13: 2 | Y13: N | Z13: 72 | AA13: NA | AB13: 70 | AC13: FPF | AD13: M | AE13: U | AF13: D | AG13: N | AH13: S | AI13: N | AJ13: N | AN13: P3@60%; P4@80; P5@90; S9 reduced | AO13: 7 | AP13: 2 | AR13: 9.5 | AS13: 4.8 | AT13: 4.8 | AU13: 19.7 | AV13: 12.7 | AW13: 13.3 | AX13: LLP | AZ13: NA | CC13: P | CD13: N | CE13: N | CF13: R | CG13: N | CH13: P10 | CI13: 5 | CJ13: =IF(COUNTIF(reviewFlags!A:C, A13) > 0, "FLAG", "")
A14: 3893 | B14: 1 | C14: SAL | D14: 0.34027778 | E14: 20 | F14: 1 | G14: 2024 | H14: =DATE(G14,F14,E14) -> 45311 | I14: Winter_2024 | J14: Cuidad de la Paz (1.613482, 10.882453) | K14: P | L14: =IF(CI14="","", IF(AND(J14="P200W",CI14>=1,CI14<=20),CI14+200, IF(AND(J14="P0E",CI14>=1,CI14<=20),CI14+40, IF(AND(J14="P200E",CI14>=1,CI14<=20),CI14+240, IF(AND(J14="P400W",CI14>=1,CI14<=20),CI14+400, IF(AND(J14="P400E",CI14>=1,CI14<=20),CI14+440, IF(AND(J14="P600E",CI14>=1,CI14<=20),CI14+640, IF(AND(J14="P800E",CI14>=1,CI14<=20),CI14+840, IF(AND(J14="S200",CI14>=1,CI14<=20),CI14+200, IF(AND(J14="S100",CI14>=1,CI14<=20),CI14+700, IF(AND(J14="S1000",CI14>=1,CI14<=20),CI14+1000, IF(AND(J14="S400",CI14>=1,CI14<=20),CI14+400, IF(AND(OR(J14="University line",J14="S01"),CI14>=1,CI14<=45),CI14+500, CI14))))))))))))) -> 2 | M14: Eurillas curvirostris | N14: 24 | O14: N | P14: B10527 | Q14: BI10527 | R14: 0 | S14: 1 | T14: 0 | U14: 2 | W14: N | X14: 1 | Y14: M1, M2 | Z14: 74 | AB14: 65 | AC14: FCF | AD14: P | AE14: U | AF14: D | AG14: N | AH14: S | AI14: S | AJ14: S | AM14: 0.37430556 | AN14: 9:08 más fotos | AQ14: 16.1 | AR14: 9.1 | AS14: 3.8 | AT14: 4.2 | AU14: 24.3 | AV14: 7 | AW14: 11 | BD14: 1.618465 | BE14: 10.879474 | CC14: R | CD14: N | CE14: L | CF14: N | CG14: P | CH14: P641-660 | CI14: 2 | CJ14: =IF(COUNTIF(reviewFlags!A:C, A14) > 0, "FLAG", "")
A15: 3915 | B15: 1D | C15: SEM | D15: 0.36041667 | E15: 19 | F15: 1 | G15: 2024 | H15: =DATE(G15,F15,E15) -> 45310 | I15: Winter_2024 | J15: Cuidad de la Paz (1.613482, 10.882453) | K15: P | L15: =IF(CI15="","", IF(AND(J15="P200W",CI15>=1,CI15<=20),CI15+200, IF(AND(J15="P0E",CI15>=1,CI15<=20),CI15+40, IF(AND(J15="P200E",CI15>=1,CI15<=20),CI15+240, IF(AND(J15="P400W",CI15>=1,CI15<=20),CI15+400, IF(AND(J15="P400E",CI15>=1,CI15<=20),CI15+440, IF(AND(J15="P600E",CI15>=1,CI15<=20),CI15+640, IF(AND(J15="P800E",CI15>=1,CI15<=20),CI15+840, IF(AND(J15="S200",CI15>=1,CI15<=20),CI15+200, IF(AND(J15="S100",CI15>=1,CI15<=20),CI15+700, IF(AND(J15="S1000",CI15>=1,CI15<=20),CI15+1000, IF(AND(J15="S400",CI15>=1,CI15<=20),CI15+400, IF(AND(OR(J15="University line",J15="S01"),CI15>=1,CI15<=45),CI15+500, CI15))))))))))))) -> 2 | M15: Bleda notatus | N15: 40.4 | O15: N | P15: B10313 | Q15: BI10313 | R15: 0 | S15: 0 | T15: 0 | U15: 0 | W15: N | X15: 0 | Y15: N | Z15: 97 | AB15: 92 | AC15: FAJ | AD15: P | AE15: U | AF15: D | AG15: N | AH15: S | AI15: S | AJ15: N | AM15: 0.39166667 | AQ15: 15.9 | AR15: 8.2 | AS15: 4.4 | AT15: 3.5 | AU15: 23.9 | AV15: 8.1 | AW15: 11.4 | BD15: 1.620251 | BE15: 10.880505 | CC15: N | CD15: N | CE15: N | CF15: N | CG15: N | CH15: P841-860 | CI15: 2 | CJ15: =IF(COUNTIF(reviewFlags!A:C, A15) > 0, "FLAG", "")
A16: 4025 | B16: 1B | C16: PAN | D16: 0.4 | E16: 16 | F16: 1 | G16: 2024 | H16: =DATE(G16,F16,E16) -> 45307 | I16: Winter_2024 | J16: Cuidad de la Paz (1.613482, 10.882453) | K16: P | L16: =IF(CI16="","", IF(AND(J16="P200W",CI16>=1,CI16<=20),CI16+200, IF(AND(J16="P0E",CI16>=1,CI16<=20),CI16+40, IF(AND(J16="P200E",CI16>=1,CI16<=20),CI16+240, IF(AND(J16="P400W",CI16>=1,CI16<=20),CI16+400, IF(AND(J16="P400E",CI16>=1,CI16<=20),CI16+440, IF(AND(J16="P600E",CI16>=1,CI16<=20),CI16+640, IF(AND(J16="P800E",CI16>=1,CI16<=20),CI16+840, IF(AND(J16="S200",CI16>=1,CI16<=20),CI16+200, IF(AND(J16="S100",CI16>=1,CI16<=20),CI16+700, IF(AND(J16="S1000",CI16>=1,CI16<=20),CI16+1000, IF(AND(J16="S400",CI16>=1,CI16<=20),CI16+400, IF(AND(OR(J16="University line",J16="S01"),CI16>=1,CI16<=45),CI16+500, CI16))))))))))))) -> 4 | M16: Phyllastrephus xavieri | N16: 26 | O16: N | P16: B11605 | Q16: BI11605 | R16: 0 | S16: 0 | T16: 0 | U16: 0 | W16: N | X16: 0 | Y16: N | Z16: 76 | AB16: 72 | AC16: FAJ | AD16: P | AE16: U | AF16: D | AG16: N | AH16: S | AI16: S | AJ16: S | AM16: 0.46319444 | AQ16: 20.9 | AR16: 12.8 | AS16: 5 | AT16: 5.1 | AU16: 21.2 | AV16: 9.3 | AW16: 12 | BD16: 1.615149 | BE16: 10.883472 | CC16: N | CD16: N | CE16: N | CF16: N | CG16: N | CH16: P241-260 | CI16: 4 | CJ16: =IF(COUNTIF(reviewFlags!A:C, A16) > 0, "FLAG", "")
A17: 4050 | B17: 1B | C17: SEM | D17: 0.44444444 | E17: 19 | F17: 1 | G17: 2024 | H17: =DATE(G17,F17,E17) -> 45310 | I17: Winter_2024 | J17: Cuidad de la Paz (1.613482, 10.882453) | K17: P | L17: =IF(CI17="","", IF(AND(J17="P200W",CI17>=1,CI17<=20),CI17+200, IF(AND(J17="P0E",CI17>=1,CI17<=20),CI17+40, IF(AND(J17="P200E",CI17>=1,CI17<=20),CI17+240, IF(AND(J17="P400W",CI17>=1,CI17<=20),CI17+400, IF(AND(J17="P400E",CI17>=1,CI17<=20),CI17+440, IF(AND(J17="P600E",CI17>=1,CI17<=20),CI17+640, IF(AND(J17="P800E",CI17>=1,CI17<=20),CI17+840, IF(AND(J17="S200",CI17>=1,CI17<=20),CI17+200, IF(AND(J17="S100",CI17>=1,CI17<=20),CI17+700, IF(AND(J17="S1000",CI17>=1,CI17<=20),CI17+1000, IF(AND(J17="S400",CI17>=1,CI17<=20),CI17+400, IF(AND(OR(J17="University line",J17="S01"),CI17>=1,CI17<=45),CI17+500, CI17))))))))))))) -> 6 | M17: Criniger calurus | N17: 25.4 | O17: N | P17: B11621 | Q17: BI11621 | R17: 0 | S17: 0 | T17: 0 | U17: 1 | W17: N | X17: 0 | Y17: N | Z17: 96 | AB17: 76 | AC17: FAJ | AD17: P | AE17: U | AF17: D | AG17: N | AH17: S | AI17: S | AJ17: S | AM17: 0.49097222 | AN17: Inner claw = 7.2 | AQ17: 18.8 | AR17: 11.9 | AS17: 7.8 | AT17: 5 | AU17: 21.4 | AV17: 15.7 | AW17: 12.1 | BD17: 1.619982 | BE17: 10.88172 | CC17: N | CD17: N | CE17: N | CF17: N | CG17: R | CH17: P841-860 | CI17: 6 | CJ17: =IF(COUNTIF(reviewFlags!A:C, A17) > 0, "FLAG", "")
A18: 4107 | B18: 1B | C18: SEM | D18: 0.52847222 | E18: 16 | F18: 1 | G18: 2024 | H18: =DATE(G18,F18,E18) -> 45307 | I18: Winter_2024 | J18: Cuidad de la Paz (1.613482, 10.882453) | K18: P | L18: =IF(CI18="","", IF(AND(J18="P200W",CI18>=1,CI18<=20),CI18+200, IF(AND(J18="P0E",CI18>=1,CI18<=20),CI18+40, IF(AND(J18="P200E",CI18>=1,CI18<=20),CI18+240, IF(AND(J18="P400W",CI18>=1,CI18<=20),CI18+400, IF(AND(J18="P400E",CI18>=1,CI18<=20),CI18+440, IF(AND(J18="P600E",CI18>=1,CI18<=20),CI18+640, IF(AND(J18="P800E",CI18>=1,CI18<=20),CI18+840, IF(AND(J18="S200",CI18>=1,CI18<=20),CI18+200, IF(AND(J18="S100",CI18>=1,CI18<=20),CI18+700, IF(AND(J18="S1000",CI18>=1,CI18<=20),CI18+1000, IF(AND(J18="S400",CI18>=1,CI18<=20),CI18+400, IF(AND(OR(J18="University line",J18="S01"),CI18>=1,CI18<=45),CI18+500, CI18))))))))))))) -> 2 | M18: Phyllastrephus xavieri | N18: 22 | O18: N | P18: B11609 | Q18: BI11609 | R18: 0 | S18: 4 | T18: 0 | U18: 0 | W18: N | X18: 3 | Y18: N | Z18: 78 | AB18: 69 | AC18: FAJ | AD18: P | AE18: U | AF18: D | AG18: N | AH18: S | AI18: S | AJ18: S | AM18: 0.55138889 | AQ18: 17.8 | AR18: 11.5 | AS18: 5.2 | AT18: 4.8 | AU18: 20 | AV18: 11.9 | AW18: 11.4 | BD18: 1.6134822 | BE18: 10.882453 | CC18: M | CD18: N | CE18: A | CF18: N | CG18: N | CH18: P41-60 | CI18: 2 | CJ18: =IF(COUNTIF(reviewFlags!A:C, A18) > 0, "FLAG", "")
A19: 4112 | B19: 1B | C19: SEM | D19: 0.52430556 | E19: 16 | F19: 1 | G19: 2024 | H19: =DATE(G19,F19,E19) -> 45307 | I19: Winter_2024 | J19: Cuidad de la Paz (1.613482, 10.882453) | K19: P | L19: =IF(CI19="","", IF(AND(J19="P200W",CI19>=1,CI19<=20),CI19+200, IF(AND(J19="P0E",CI19>=1,CI19<=20),CI19+40, IF(AND(J19="P200E",CI19>=1,CI19<=20),CI19+240, IF(AND(J19="P400W",CI19>=1,CI19<=20),CI19+400, IF(AND(J19="P400E",CI19>=1,CI19<=20),CI19+440, IF(AND(J19="P600E",CI19>=1,CI19<=20),CI19+640, IF(AND(J19="P800E",CI19>=1,CI19<=20),CI19+840, IF(AND(J19="S200",CI19>=1,CI19<=20),CI19+200, IF(AND(J19="S100",CI19>=1,CI19<=20),CI19+700, IF(AND(J19="S1000",CI19>=1,CI19<=20),CI19+1000, IF(AND(J19="S400",CI19>=1,CI19<=20),CI19+400, IF(AND(OR(J19="University line",J19="S01"),CI19>=1,CI19<=45),CI19+500, CI19))))))))))))) -> 2 | M19: Criniger calurus | N19: 28 | O19: N | P19: B11610 | Q19: BI11610 | R19: 0 | S19: 0 | T19: 1 | U19: 0 | W19: N | X19: 1 | Y19: N | Z19: 82 | AB19: 75 | AC19: FAJ | AD19: P | AE19: U | AF19: D | AG19: N | AH19: S | AI19: S | AJ19: N | AM19: 0.55625 | AQ19: 19.5 | AR19: 11.5 | AS19: 5.6 | AT19: 5.6 | AU19: 20.9 | AV19: 10.9 | AW19: 12 | BD19: 1.6151235 | BE19: 10.881962 | CC19: R | CD19: N | CE19: N | CF19: R | CG19: N | CH19: P241-260 | CI19: 2 | CJ19: =IF(COUNTIF(reviewFlags!A:C, A19) > 0, "FLAG", "")
A20: 4116 | B20: 1A | C20: BRA | D20: 0.48611111 | E20: 12 | F20: 1 | G20: 2024 | H20: =DATE(G20,F20,E20) -> 45303 | I20: Winter_2024 | J20: Cuidad de la Paz (1.613482, 10.882453) | K20: P | L20: =IF(CI20="","", IF(AND(J20="P200W",CI20>=1,CI20<=20),CI20+200, IF(AND(J20="P0E",CI20>=1,CI20<=20),CI20+40, IF(AND(J20="P200E",CI20>=1,CI20<=20),CI20+240, IF(AND(J20="P400W",CI20>=1,CI20<=20),CI20+400, IF(AND(J20="P400E",CI20>=1,CI20<=20),CI20+440, IF(AND(J20="P600E",CI20>=1,CI20<=20),CI20+640, IF(AND(J20="P800E",CI20>=1,CI20<=20),CI20+840, IF(AND(J20="S200",CI20>=1,CI20<=20),CI20+200, IF(AND(J20="S100",CI20>=1,CI20<=20),CI20+700, IF(AND(J20="S1000",CI20>=1,CI20<=20),CI20+1000, IF(AND(J20="S400",CI20>=1,CI20<=20),CI20+400, IF(AND(OR(J20="University line",J20="S01"),CI20>=1,CI20<=45),CI20+500, CI20))))))))))))) -> 3 | M20: Phyllastrephus xavieri | N20: NA | O20: N | P20: B10157 | Q20: [1A]BI10157 | R20: 0 | S20: 0 | T20: 1 | U20: 0 | V20: NA | W20: N | X20: 1 | Y20: N | Z20: 81 | AA20: NA | AB20: 70 | AC20: FAJ | AD20: P | AE20: U | AF20: D | AG20: N | AH20: S | AI20: S | AJ20: S | AM20: 0.5625 | AN20: BIG HEAVY BEAK | AO20: 20 | AQ20: 20.2 | AR20: 12.3 | AS20: 4.2 | AT20: 5.3 | AU20: 21.9 | AV20: 8.7 | AW20: 3.3 | BD20: 1.61322 | BE20: 10.87854 | CC20: R | CD20: N | CE20: N | CF20: R | CG20: N | CH20: P1-20 | CI20: 3 | CJ20: =IF(COUNTIF(reviewFlags!A:C, A20) > 0, "FLAG", "")
A21: 4120 | B21: 1B | C21: BRA | D21: 0.52916667 | E21: 22 | F21: 1 | G21: 2024 | H21: =DATE(G21,F21,E21) -> 45313 | I21: Winter_2024 | J21: Cuidad de la Paz (1.613482, 10.882453) | K21: S | L21: =IF(CI21="","", IF(AND(J21="P200W",CI21>=1,CI21<=20),CI21+200, IF(AND(J21="P0E",CI21>=1,CI21<=20),CI21+40, IF(AND(J21="P200E",CI21>=1,CI21<=20),CI21+240, IF(AND(J21="P400W",CI21>=1,CI21<=20),CI21+400, IF(AND(J21="P400E",CI21>=1,CI21<=20),CI21+440, IF(AND(J21="P600E",CI21>=1,CI21<=20),CI21+640, IF(AND(J21="P800E",CI21>=1,CI21<=20),CI21+840, IF(AND(J21="S200",CI21>=1,CI21<=20),CI21+200, IF(AND(J21="S100",CI21>=1,CI21<=20),CI21+700, IF(AND(J21="S1000",CI21>=1,CI21<=20),CI21+1000, IF(AND(J21="S400",CI21>=1,CI21<=20),CI21+400, IF(AND(OR(J21="University line",J21="S01"),CI21>=1,CI21<=45),CI21+500, CI21))))))))))))) -> 2 | M21: Eurillas virens | N21: 26 | O21: N | P21: B11644 | Q21: BI11644 | R21: 0 | S21: 0 | T21: 2 | U21: 1 | V21: NA | W21: N | X21: 1 | Y21: N | Z21: 76 | AA21: NA | AB21: 71 | AC21: FAJ | AD21: P | AE21: U | AF21: D | AG21: N | AH21: S | AI21: S | AJ21: S | AM21: 0.56736111 | AN21: SUSPENDED MOLT,S4-6V | AQ21: 1.5 | AR21: 8.8 | AS21: 5.2 | AT21: 4.9 | AU21: 20.8 | AW21: 12.1 | BD21: 1.616319 | BE21: 10.864297 | CC21: R | CD21: N | CE21: N | CF21: P | CG21: R | CH21: S1001-1040 | CI21: 2 | CJ21: =IF(COUNTIF(reviewFlags!A:C, A21) > 0, "FLAG", "")
A22: 4122 | B22: 1D | C22: BRA | D22: 0.52569444 | E22: 16 | F22: 1 | G22: 2024 | H22: =DATE(G22,F22,E22) -> 45307 | I22: Winter_2024 | J22: Cuidad de la Paz (1.613482, 10.882453) | K22: P | L22: =IF(CI22="","", IF(AND(J22="P200W",CI22>=1,CI22<=20),CI22+200, IF(AND(J22="P0E",CI22>=1,CI22<=20),CI22+40, IF(AND(J22="P200E",CI22>=1,CI22<=20),CI22+240, IF(AND(J22="P400W",CI22>=1,CI22<=20),CI22+400, IF(AND(J22="P400E",CI22>=1,CI22<=20),CI22+440, IF(AND(J22="P600E",CI22>=1,CI22<=20),CI22+640, IF(AND(J22="P800E",CI22>=1,CI22<=20),CI22+840, IF(AND(J22="S200",CI22>=1,CI22<=20),CI22+200, IF(AND(J22="S100",CI22>=1,CI22<=20),CI22+700, IF(AND(J22="S1000",CI22>=1,CI22<=20),CI22+1000, IF(AND(J22="S400",CI22>=1,CI22<=20),CI22+400, IF(AND(OR(J22="University line",J22="S01"),CI22>=1,CI22<=45),CI22+500, CI22))))))))))))) -> 29 | M22: Criniger calurus | N22: 29 | O22: N | P22: B10309 | Q22: BI10309 | R22: 0 | S22: 1 | T22: 0 | U22: 0 | W22: N | X22: 1 | Y22: N | Z22: 86 | AB22: 81 | AC22: FAJ | AD22: P | AE22: U | AF22: D | AG22: N | AH22: S | AI22: S | AJ22: S | AM22: 0.57569444 | AN22: P1-3=N P4G=40% P5-10=V | AQ22: 19.6 | AR22: 12.3 | AS22: 6.1 | AT22: 6.3 | AU22: 20.1 | AV22: 7.6 | AW22: 13.1 | BD22: 1.6150898 | BE22: 10.881696 | CC22: R | CD22: N | CE22: L | CF22: N | CG22: N | CH22: P241-260 | CI22: 29 | CJ22: =IF(COUNTIF(reviewFlags!A:C, A22) > 0, "FLAG", "")
A23: 4125 | B23: 1A | C23: SAL | D23: 0.52083333 | E23: 13 | F23: 1 | G23: 2024 | H23: =DATE(G23,F23,E23) -> 45304 | I23: Winter_2024 | J23: Cuidad de la Paz (1.613482, 10.882453) | K23: P | L23: =IF(CI23="","", IF(AND(J23="P200W",CI23>=1,CI23<=20),CI23+200, IF(AND(J23="P0E",CI23>=1,CI23<=20),CI23+40, IF(AND(J23="P200E",CI23>=1,CI23<=20),CI23+240, IF(AND(J23="P400W",CI23>=1,CI23<=20),CI23+400, IF(AND(J23="P400E",CI23>=1,CI23<=20),CI23+440, IF(AND(J23="P600E",CI23>=1,CI23<=20),CI23+640, IF(AND(J23="P800E",CI23>=1,CI23<=20),CI23+840, IF(AND(J23="S200",CI23>=1,CI23<=20),CI23+200, IF(AND(J23="S100",CI23>=1,CI23<=20),CI23+700, IF(AND(J23="S1000",CI23>=1,CI23<=20),CI23+1000, IF(AND(J23="S400",CI23>=1,CI23<=20),CI23+400, IF(AND(OR(J23="University line",J23="S01"),CI23>=1,CI23<=45),CI23+500, CI23))))))))))))) -> 4 | M23: Phyllastrephus icterinus | N23: 20 | O23: N | P23: B10171 | Q23: [1A]BI10171 | R23: 0 | S23: 0 | T23: 0 | U23: X | W23: N | X23: 4 | Y23: N | Z23: 75 | AB23: 70 | AC23: FAJ | AD23: P | AE23: U | AF23: D | AG23: D | AH23: N | AI23: S | AJ23: S | AM23: 0.59236111 | AO23: 23 | AP23: 1 | AQ23: 16.4 | AR23: 11.2 | AS23: 4 | AT23: 4.3 | AU23: 18.4 | AV23: 9.6 | AW23: 11 | BD23: 1.6146997 | BE23: 10.877583 | CC23: B | CD23: N | CE23: N | CF23: N | CH23: P201-220 | CI23: 4 | CJ23: =IF(COUNTIF(reviewFlags!A:C, A23) > 0, "FLAG", "")
A24: 4600 | B24: 1B | C24: SEM | D24: 0.525 | E24: 16 | F24: 1 | G24: 2024 | H24: =DATE(G24,F24,E24) -> 45307 | I24: Winter_2024 | J24: Cuidad de la Paz (1.613482, 10.882453) | K24: P | L24: =IF(CI24="","", IF(AND(J24="P200W",CI24>=1,CI24<=20),CI24+200, IF(AND(J24="P0E",CI24>=1,CI24<=20),CI24+40, IF(AND(J24="P200E",CI24>=1,CI24<=20),CI24+240, IF(AND(J24="P400W",CI24>=1,CI24<=20),CI24+400, IF(AND(J24="P400E",CI24>=1,CI24<=20),CI24+440, IF(AND(J24="P600E",CI24>=1,CI24<=20),CI24+640, IF(AND(J24="P800E",CI24>=1,CI24<=20),CI24+840, IF(AND(J24="S200",CI24>=1,CI24<=20),CI24+200, IF(AND(J24="S100",CI24>=1,CI24<=20),CI24+700, IF(AND(J24="S1000",CI24>=1,CI24<=20),CI24+1000, IF(AND(J24="S400",CI24>=1,CI24<=20),CI24+400, IF(AND(OR(J24="University line",J24="S01"),CI24>=1,CI24<=45),CI24+500, CI24))))))))))))) -> 15 | M24: Criniger calurus | N24: 33 | O24: N | P24: B11611 | Q24: BI11611 | R24: 0 | S24: 0 | T24: 0 | U24: 3 | W24: NA | X24: 2 | Y24: N | Z24: 92 | AB24: 83 | AC24: FMJ | AD24: P | AE24: U | AF24: D | AG24: N | AH24: N | AI24: N | AJ24: N | AM24: 0.56319444 | AN24: P1-8=N P9=70% 10% S4-6=20% 60% 10% | AQ24: 20.2 | AR24: 13.6 | AS24: 5.4 | AT24: 5.6 | AU24: 20.6 | AV24: 11.8 | AW24: 11.9 | BD24: 1.6150898 | BE24: 10.881696 | CC24: P | CD24: N | CE24: N | CF24: N | CG24: M | CH24: P241-260 | CI24: 15 | CJ24: =IF(COUNTIF(reviewFlags!A:C, A24) > 0, "FLAG", "")
A25: 4601 | B25: 1A | C25: SEM | D25: 0.52916667 | E25: 16 | F25: 1 | G25: 2024 | H25: =DATE(G25,F25,E25) -> 45307 | I25: Winter_2024 | J25: Cuidad de la Paz (1.613482, 10.882453) | K25: P | L25: =IF(CI25="","", IF(AND(J25="P200W",CI25>=1,CI25<=20),CI25+200, IF(AND(J25="P0E",CI25>=1,CI25<=20),CI25+40, IF(AND(J25="P200E",CI25>=1,CI25<=20),CI25+240, IF(AND(J25="P400W",CI25>=1,CI25<=20),CI25+400, IF(AND(J25="P400E",CI25>=1,CI25<=20),CI25+440, IF(AND(J25="P600E",CI25>=1,CI25<=20),CI25+640, IF(AND(J25="P800E",CI25>=1,CI25<=20),CI25+840, IF(AND(J25="S200",CI25>=1,CI25<=20),CI25+200, IF(AND(J25="S100",CI25>=1,CI25<=20),CI25+700, IF(AND(J25="S1000",CI25>=1,CI25<=20),CI25+1000, IF(AND(J25="S400",CI25>=1,CI25<=20),CI25+400, IF(AND(OR(J25="University line",J25="S01"),CI25>=1,CI25<=45),CI25+500, CI25))))))))))))) -> 10 | M25: Criniger ndussumensis | N25: 23 | O25: R | P25: B9920 | Q25: BI9920 | R25: 0 | S25: 0 | T25: 0 | U25: 3 | W25: NA | X25: 3 | Y25: N | Z25: 80 | AB25: 72 | AC25: FMJ | AD25: P | AE25: U | AF25: D | AG25: N | AH25: N | AI25: N | AJ25: S | AM25: 0.57847222 | AN25: P5=70% | AQ25: 18.8 | AR25: 10.4 | AS25: 4.6 | AT25: 5 | AU25: 9.5 | AW25: 11.4 | BD25: 1.6149945 | BE25: 10.881246 | CC25: M | CD25: N | CE25: N | CF25: N | CG25: M | CH25: P241-260 | CI25: 10 | CJ25: =IF(COUNTIF(reviewFlags!A:C, A25) > 0, "FLAG", "")
A26: 4736 | B26: 1D | C26: PCG | D26: 0.31388889 | E26: 16 | F26: 1 | G26: 2024 | H26: =DATE(G26,F26,E26) -> 45307 | I26: Winter_2024 | J26: Cuidad de la Paz (1.613482, 10.882453) | K26: P | L26: =IF(CI26="","", IF(AND(J26="P200W",CI26>=1,CI26<=20),CI26+200, IF(AND(J26="P0E",CI26>=1,CI26<=20),CI26+40, IF(AND(J26="P200E",CI26>=1,CI26<=20),CI26+240, IF(AND(J26="P400W",CI26>=1,CI26<=20),CI26+400, IF(AND(J26="P400E",CI26>=1,CI26<=20),CI26+440, IF(AND(J26="P600E",CI26>=1,CI26<=20),CI26+640, IF(AND(J26="P800E",CI26>=1,CI26<=20),CI26+840, IF(AND(J26="S200",CI26>=1,CI26<=20),CI26+200, IF(AND(J26="S100",CI26>=1,CI26<=20),CI26+700, IF(AND(J26="S1000",CI26>=1,CI26<=20),CI26+1000, IF(AND(J26="S400",CI26>=1,CI26<=20),CI26+400, IF(AND(OR(J26="University line",J26="S01"),CI26>=1,CI26<=45),CI26+500, CI26))))))))))))) -> 11 | M26: Criniger calurus | N26: 32 | O26: N | P26: B10303 | Q26: BI10303 | R26: 0 | S26: 0 | T26: 1 | U26: 3 | W26: S | X26: 1 | Y26: N | Z26: 94 | AB26: 90 | AC26: FMJ | AD26: P | AE26: U | AF26: D | AG26: N | AH26: S | AJ26: N | AM26: 0.34930556 | AN26: P6=60% P7=pin | AQ26: 22.8 | AR26: 14.5 | AS26: 6.1 | AT26: 5.4 | AU26: 22.7 | AW26: 11.8 | BD26: 1.6151117 | BE26: 10.881832 | CC26: R | CD26: N | CE26: N | CF26: R | CG26: M | CH26: P241-260 | CI26: 11 | CJ26: =IF(COUNTIF(reviewFlags!A:C, A26) > 0, "FLAG", "")
A27: 4763 | B27: 1A | C27: BRA | D27: 0.36805556 | E27: 11 | F27: 1 | G27: 2024 | H27: =DATE(G27,F27,E27) -> 45302 | I27: Winter_2024 | J27: Cuidad de la Paz (1.613482, 10.882453) | K27: P | L27: =IF(CI27="","", IF(AND(J27="P200W",CI27>=1,CI27<=20),CI27+200, IF(AND(J27="P0E",CI27>=1,CI27<=20),CI27+40, IF(AND(J27="P200E",CI27>=1,CI27<=20),CI27+240, IF(AND(J27="P400W",CI27>=1,CI27<=20),CI27+400, IF(AND(J27="P400E",CI27>=1,CI27<=20),CI27+440, IF(AND(J27="P600E",CI27>=1,CI27<=20),CI27+640, IF(AND(J27="P800E",CI27>=1,CI27<=20),CI27+840, IF(AND(J27="S200",CI27>=1,CI27<=20),CI27+200, IF(AND(J27="S100",CI27>=1,CI27<=20),CI27+700, IF(AND(J27="S1000",CI27>=1,CI27<=20),CI27+1000, IF(AND(J27="S400",CI27>=1,CI27<=20),CI27+400, IF(AND(OR(J27="University line",J27="S01"),CI27>=1,CI27<=45),CI27+500, CI27))))))))))))) -> 5 | M27: Eurillas latirostris | N27: 27 | O27: N | P27: B10140 | Q27: [1A]BI10140 | R27: 0 | S27: 0 | T27: 1 | U27: 0 | V27: NA | W27: S | X27: X | Y27: N | Z27: 88 | AA27: NA | AB27: 80 | AC27: FMJ | AD27: P | AE27: U | AF27: D | AG27: N | AH27: S | AI27: S | AJ27: N | AM27: 0.38472222 | AN27: S1-2N S3G S4-6V DERECHA S1-2N S3-6V | AQ27: 19.5 | AR27: 19.2 | AS27: 5.6 | AT27: 5.6 | AU27: 19.9 | AV27: 13.9 | AW27: 13.75 | AX27: PG | BD27: 1.6132298 | BE27: 10.878895 | CC27: NA | CD27: N | CE27: N | CF27: R | CG27: N | CH27: P1-20 | CI27: 5 | CJ27: =IF(COUNTIF(reviewFlags!A:C, A27) > 0, "FLAG", "")
A28: 4791 | B28: 1D | C28: PCG | D28: 0.38125 | E28: 19 | F28: 1 | G28: 2024 | H28: =DATE(G28,F28,E28) -> 45310 | I28: Winter_2024 | J28: Cuidad de la Paz (1.613482, 10.882453) | K28: P | L28: =IF(CI28="","", IF(AND(J28="P200W",CI28>=1,CI28<=20),CI28+200, IF(AND(J28="P0E",CI28>=1,CI28<=20),CI28+40, IF(AND(J28="P200E",CI28>=1,CI28<=20),CI28+240, IF(AND(J28="P400W",CI28>=1,CI28<=20),CI28+400, IF(AND(J28="P400E",CI28>=1,CI28<=20),CI28+440, IF(AND(J28="P600E",CI28>=1,CI28<=20),CI28+640, IF(AND(J28="P800E",CI28>=1,CI28<=20),CI28+840, IF(AND(J28="S200",CI28>=1,CI28<=20),CI28+200, IF(AND(J28="S100",CI28>=1,CI28<=20),CI28+700, IF(AND(J28="S1000",CI28>=1,CI28<=20),CI28+1000, IF(AND(J28="S400",CI28>=1,CI28<=20),CI28+400, IF(AND(OR(J28="University line",J28="S01"),CI28>=1,CI28<=45),CI28+500, CI28))))))))))))) -> 1 | M28: Criniger chloronotus | N28: 46.6 | O28: N | P28: B10315 | Q28: BI10315 | R28: 0 | S28: 0 | T28: 1 | U28: 0 | W28: S | X28: 3 | Y28: N | Z28: 105 | AB28: NA | AC28: FMJ | AD28: P | AE28: U | AF28: D | AG28: N | AH28: S | AI28: S | AJ28: N | AM28: 0.42291667 | AN28: P1-4=N P4G=95% P5G=20% P6-10=V S1-2=N S3G=20% S4-6=V | AQ28: 21.5 | AR28: 13.7 | AS28: 5.9 | AT28: 6.7 | AU28: 23.5 | AV28: 17.8 | AW28: 13.9 | BD28: 1.61864 | BE28: 10.882043 | CC28: M | CD28: N | CE28: N | CF28: R | CG28: N | CH28: P641-660 | CI28: 1 | CJ28: =IF(COUNTIF(reviewFlags!A:C, A28) > 0, "FLAG", "")
A29: 4861 | B29: 1B | C29: SEM | D29: 0.49166667 | E29: 16 | F29: 1 | G29: 2024 | H29: =DATE(G29,F29,E29) -> 45307 | I29: Winter_2024 | J29: Cuidad de la Paz (1.613482, 10.882453) | K29: P | L29: =IF(CI29="","", IF(AND(J29="P200W",CI29>=1,CI29<=20),CI29+200, IF(AND(J29="P0E",CI29>=1,CI29<=20),CI29+40, IF(AND(J29="P200E",CI29>=1,CI29<=20),CI29+240, IF(AND(J29="P400W",CI29>=1,CI29<=20),CI29+400, IF(AND(J29="P400E",CI29>=1,CI29<=20),CI29+440, IF(AND(J29="P600E",CI29>=1,CI29<=20),CI29+640, IF(AND(J29="P800E",CI29>=1,CI29<=20),CI29+840, IF(AND(J29="S200",CI29>=1,CI29<=20),CI29+200, IF(AND(J29="S100",CI29>=1,CI29<=20),CI29+700, IF(AND(J29="S1000",CI29>=1,CI29<=20),CI29+1000, IF(AND(J29="S400",CI29>=1,CI29<=20),CI29+400, IF(AND(OR(J29="University line",J29="S01"),CI29>=1,CI29<=45),CI29+500, CI29))))))))))))) -> 3 | M29: Phyllastrephus icterinus | N29: 20 | O29: N | P29: B11608 | Q29: BI11608 | R29: 0 | S29: 0 | T29: 0 | U29: 1 | W29: S | X29: 1 | Y29: N | Z29: 75 | AB29: 68 | AC29: FMJ | AD29: P | AE29: U | AF29: D | AG29: N | AH29: S | AI29: S | AJ29: S | AM29: 0.5125 | AQ29: 16.8 | AR29: 11.5 | AS29: 4.4 | AT29: 4.1 | AU29: 19.3 | AV29: 11.6 | AW29: 11 | BD29: 1.6149945 | BE29: 10.881246 | CC29: R | CD29: N | CE29: N | CF29: N | CG29: R | CH29: P241-260 | CI29: 3 | CJ29: =IF(COUNTIF(reviewFlags!A:C, A29) > 0, "FLAG", "")
A30: 4865 | B30: 1 | C30: SEM | D30: 0.49722222 | E30: 16 | F30: 1 | G30: 2024 | H30: =DATE(G30,F30,E30) -> 45307 | I30: Winter_2024 | J30: Cuidad de la Paz (1.613482, 10.882453) | K30: P | L30: =IF(CI30="","", IF(AND(J30="P200W",CI30>=1,CI30<=20),CI30+200, IF(AND(J30="P0E",CI30>=1,CI30<=20),CI30+40, IF(AND(J30="P200E",CI30>=1,CI30<=20),CI30+240, IF(AND(J30="P400W",CI30>=1,CI30<=20),CI30+400, IF(AND(J30="P400E",CI30>=1,CI30<=20),CI30+440, IF(AND(J30="P600E",CI30>=1,CI30<=20),CI30+640, IF(AND(J30="P800E",CI30>=1,CI30<=20),CI30+840, IF(AND(J30="S200",CI30>=1,CI30<=20),CI30+200, IF(AND(J30="S100",CI30>=1,CI30<=20),CI30+700, IF(AND(J30="S1000",CI30>=1,CI30<=20),CI30+1000, IF(AND(J30="S400",CI30>=1,CI30<=20),CI30+400, IF(AND(OR(J30="University line",J30="S01"),CI30>=1,CI30<=45),CI30+500, CI30))))))))))))) | M30: Phyllastrephus icterinus | N30: 19 | O30: N | P30: B11164 | Q30: BI11164 | R30: 0 | S30: 0 | T30: 0 | U30: 0 | W30: S | X30: 1 | Y30: N | Z30: 65 | AB30: 62 | AC30: FMJ | AD30: P | AE30: U | AF30: D | AG30: N | AH30: S | AI30: S | AJ30: N | AM30: 0.51805556 | AQ30: 15.3 | AR30: 9.6 | AS30: 4.3 | AT30: 3.9 | AU30: 19 | AV30: 8 | AW30: 10.8 | BD30: 1.6149945 | BE30: 10.881246 | CC30: R | CD30: N | CE30: N | CF30: N | CG30: N | CH30: P241-260 | CJ30: =IF(COUNTIF(reviewFlags!A:C, A30) > 0, "FLAG", "")
A31: 4870 | B31: 1 | C31: SEM | D31: 0.50416667 | E31: 28 | F31: 1 | G31: 2024 | H31: =DATE(G31,F31,E31) -> 45319 | I31: Winter_2024 | J31: Cuidad de la Paz (1.613482, 10.882453) | K31: S | L31: =IF(CI31="","", IF(AND(J31="P200W",CI31>=1,CI31<=20),CI31+200, IF(AND(J31="P0E",CI31>=1,CI31<=20),CI31+40, IF(AND(J31="P200E",CI31>=1,CI31<=20),CI31+240, IF(AND(J31="P400W",CI31>=1,CI31<=20),CI31+400, IF(AND(J31="P400E",CI31>=1,CI31<=20),CI31+440, IF(AND(J31="P600E",CI31>=1,CI31<=20),CI31+640, IF(AND(J31="P800E",CI31>=1,CI31<=20),CI31+840, IF(AND(J31="S200",CI31>=1,CI31<=20),CI31+200, IF(AND(J31="S100",CI31>=1,CI31<=20),CI31+700, IF(AND(J31="S1000",CI31>=1,CI31<=20),CI31+1000, IF(AND(J31="S400",CI31>=1,CI31<=20),CI31+400, IF(AND(OR(J31="University line",J31="S01"),CI31>=1,CI31<=45),CI31+500, CI31))))))))))))) -> 3 | M31: Eurillas latirostris | N31: 24 | O31: R | P31: B04521 | Q31: BI04521 | R31: 0 | S31: 0 | T31: 2 | U31: 2 | V31: S | W31: S | X31: 0 | Y31: N | Z31: 78 | AA31: NA | AB31: NA | AC31: FMJ | AD31: P | AE31: U | AF31: D | AG31: N | AH31: N | AI31: N | AJ31: N | AM31: 0.53194444 | AN31: P1-6N,P7G-80%,P8G-0%,S1-2N,S3-20%, | AO31: 8 | AQ31: 21.6 | AR31: 13.2 | AS31: 6.5 | AT31: 6.9 | AU31: 25 | AV31: 5.2 | AW31: 15.3 | BD31: 1.614372 | BE31: 10.861997 | CC31: N | CD31: N | CE31: N | CF31: P | CG31: P | CH31: S1-20 | CI31: 3 | CJ31: =IF(COUNTIF(reviewFlags!A:C, A31) > 0, "FLAG", "")
A32: 5021 | B32: 1A | C32: SAL | D32: 0.52152778 | E32: 13 | F32: 1 | G32: 2024 | H32: =DATE(G32,F32,E32) -> 45304 | I32: Winter_2024 | J32: Cuidad de la Paz (1.613482, 10.882453) | K32: P | L32: =IF(CI32="","", IF(AND(J32="P200W",CI32>=1,CI32<=20),CI32+200, IF(AND(J32="P0E",CI32>=1,CI32<=20),CI32+40, IF(AND(J32="P200E",CI32>=1,CI32<=20),CI32+240, IF(AND(J32="P400W",CI32>=1,CI32<=20),CI32+400, IF(AND(J32="P400E",CI32>=1,CI32<=20),CI32+440, IF(AND(J32="P600E",CI32>=1,CI32<=20),CI32+640, IF(AND(J32="P800E",CI32>=1,CI32<=20),CI32+840, IF(AND(J32="S200",CI32>=1,CI32<=20),CI32+200, IF(AND(J32="S100",CI32>=1,CI32<=20),CI32+700, IF(AND(J32="S1000",CI32>=1,CI32<=20),CI32+1000, IF(AND(J32="S400",CI32>=1,CI32<=20),CI32+400, IF(AND(OR(J32="University line",J32="S01"),CI32>=1,CI32<=45),CI32+500, CI32))))))))))))) | M32: Phyllastrephus icterinus | N32: 21 | O32: N | P32: B10170 | Q32: [1A]BI10170 | R32: 0 | S32: 0 | T32: 0 | U32: 0 | W32: S | X32: 1 | Y32: N | Z32: 75 | AB32: 65 | AC32: FMJ | AD32: P | AE32: U | AF32: D | AG32: N | AH32: N | AI32: S | AJ32: N | AN32: P7G 5%; P6G30%; S5G 30% S4G20% | AO32: 22 | AP32: 2 | AQ32: 16.35 | AR32: 12.4 | AS32: 4.5 | AT32: 5.6 | AU32: 20 | AV32: 10.1 | AW32: 10.7 | BD32: 1.61468 | BE32: 10.877476 | CC32: R | CD32: N | CE32: N | CF32: N | CG32: N | CH32: P201-220 | CJ32: =IF(COUNTIF(reviewFlags!A:C, A32) > 0, "FLAG", "")
A33: 5437 | B33: 1B | C33: CSM | D33: 0.38541667 | E33: 25 | F33: 2 | G33: 2025 | H33: =DATE(G33,F33,E33) -> 45713 | I33: Winter_2025 | J33: Cuidad de la Paz (1.613482, 10.882453) | L33: =IF(CI33="","", IF(AND(J33="P200W",CI33>=1,CI33<=20),CI33+200, IF(AND(J33="P0E",CI33>=1,CI33<=20),CI33+40, IF(AND(J33="P200E",CI33>=1,CI33<=20),CI33+240, IF(AND(J33="P400W",CI33>=1,CI33<=20),CI33+400, IF(AND(J33="P400E",CI33>=1,CI33<=20),CI33+440, IF(AND(J33="P600E",CI33>=1,CI33<=20),CI33+640, IF(AND(J33="P800E",CI33>=1,CI33<=20),CI33+840, IF(AND(J33="S200",CI33>=1,CI33<=20),CI33+200, IF(AND(J33="S100",CI33>=1,CI33<=20),CI33+700, IF(AND(J33="S1000",CI33>=1,CI33<=20),CI33+1000, IF(AND(J33="S400",CI33>=1,CI33<=20),CI33+400, IF(AND(OR(J33="University line",J33="S01"),CI33>=1,CI33<=45),CI33+500, CI33))))))))))))) -> 11 | M33: Eurillas latirostris | N33: 21.8 | O33: R | P33: B05073 | Q33: BI05073 | R33: 0 | S33: 0 | T33: 0 | U33: 0 | W33: N | X33: 1 | Y33: N | Z33: 78 | AB33: 79 | AC33: FAJ | AD33: P | AE33: U | AF33: D | AG33: N | AM33: 0.39375 | AQ33: 15 | AR33: 9.2 | AT33: 5 | AU33: 19.5 | AV33: 13 | AW33: 12.3 | CC33: R | CD33: N | CE33: N | CF33: N | CG33: N | CH33: PL1 | CI33: 11 | CJ33: =IF(COUNTIF(reviewFlags!A:C, A33) > 0, "FLAG", "")
A34: 5455 | B34: 2.8 mm | C34: CSM | D34: 0.41041667 | E34: 25 | F34: 2 | G34: 2025 | H34: =DATE(G34,F34,E34) -> 45713 | I34: Winter_2025 | J34: Cuidad de la Paz (1.613482, 10.882453) | L34: =IF(CI34="","", IF(AND(J34="P200W",CI34>=1,CI34<=20),CI34+200, IF(AND(J34="P0E",CI34>=1,CI34<=20),CI34+40, IF(AND(J34="P200E",CI34>=1,CI34<=20),CI34+240, IF(AND(J34="P400W",CI34>=1,CI34<=20),CI34+400, IF(AND(J34="P400E",CI34>=1,CI34<=20),CI34+440, IF(AND(J34="P600E",CI34>=1,CI34<=20),CI34+640, IF(AND(J34="P800E",CI34>=1,CI34<=20),CI34+840, IF(AND(J34="S200",CI34>=1,CI34<=20),CI34+200, IF(AND(J34="S100",CI34>=1,CI34<=20),CI34+700, IF(AND(J34="S1000",CI34>=1,CI34<=20),CI34+1000, IF(AND(J34="S400",CI34>=1,CI34<=20),CI34+400, IF(AND(OR(J34="University line",J34="S01"),CI34>=1,CI34<=45),CI34+500, CI34))))))))))))) -> 20 | M34: Eurillas latirostris | N34: 21.8 | O34: N | P34: FC76518 | Q34: FC76518 | R34: 0 | S34: 1 | T34: 1 | U34: 0 | W34: N | X34: 1 | Y34: N | Z34: 80 | AB34: 74 | AC34: FAJ | AD34: P | AE34: U | AF34: D | AG34: N | AM34: 0.42222222 | AQ34: 12.9 | AR34: 91 | AT34: 4.9 | AU34: 20 | AV34: 11.8 | AW34: 13.2 | BJ34: 82 | CC34: R | CD34: N | CE34: L | CF34: R | CG34: N | CH34: PL1 | CI34: 20 | CJ34: =IF(COUNTIF(reviewFlags!A:C, A34) > 0, "FLAG", "")
A35: 5460 | B35: 2.8 mm | C35: PN | D35: 0.41180556 | E35: 28 | F35: 2 | G35: 2025 | H35: =DATE(G35,F35,E35) -> 45716 | I35: Winter_2025 | J35: Cuidad de la Paz (1.613482, 10.882453) | K35: S | L35: =IF(CI35="","", IF(AND(J35="P200W",CI35>=1,CI35<=20),CI35+200, IF(AND(J35="P0E",CI35>=1,CI35<=20),CI35+40, IF(AND(J35="P200E",CI35>=1,CI35<=20),CI35+240, IF(AND(J35="P400W",CI35>=1,CI35<=20),CI35+400, IF(AND(J35="P400E",CI35>=1,CI35<=20),CI35+440, IF(AND(J35="P600E",CI35>=1,CI35<=20),CI35+640, IF(AND(J35="P800E",CI35>=1,CI35<=20),CI35+840, IF(AND(J35="S200",CI35>=1,CI35<=20),CI35+200, IF(AND(J35="S100",CI35>=1,CI35<=20),CI35+700, IF(AND(J35="S1000",CI35>=1,CI35<=20),CI35+1000, IF(AND(J35="S400",CI35>=1,CI35<=20),CI35+400, IF(AND(OR(J35="University line",J35="S01"),CI35>=1,CI35<=45),CI35+500, CI35))))))))))))) -> OBI-1 | M35: Eurillas latirostris | N35: 30 | O35: N | P35: FC76535 | Q35: FC76535 | R35: 0 | S35: 0 | T35: 1 | U35: 4 | W35: N | X35: 1 | Y35: N | Z35: 83 | AB35: 78 | AC35: FAJ | AD35: P | AE35: U | AF35: D | AG35: N | AM35: 0.43125 | AQ35: 15.3 | AR35: 10.4 | AS35: 5.9 | AT35: 4.9 | AU35: 15.9 | AV35: 13 | AW35: 10.9 | BJ35: 85 | CC35: R | CD35: N | CE35: N | CF35: R | CG35: B | CH35: S1021-1040 | CI35: OBI-1 | CJ35: =IF(COUNTIF(reviewFlags!A:C, A35) > 0, "FLAG", "")
A36: 5487 | B36: 1B | C36: PN | D36: 0.45625 | E36: 25 | F36: 2 | G36: 2025 | H36: =DATE(G36,F36,E36) -> 45713 | I36: Winter_2025 | J36: Cuidad de la Paz (1.613482, 10.882453) | L36: =IF(CI36="","", IF(AND(J36="P200W",CI36>=1,CI36<=20),CI36+200, IF(AND(J36="P0E",CI36>=1,CI36<=20),CI36+40, IF(AND(J36="P200E",CI36>=1,CI36<=20),CI36+240, IF(AND(J36="P400W",CI36>=1,CI36<=20),CI36+400, IF(AND(J36="P400E",CI36>=1,CI36<=20),CI36+440, IF(AND(J36="P600E",CI36>=1,CI36<=20),CI36+640, IF(AND(J36="P800E",CI36>=1,CI36<=20),CI36+840, IF(AND(J36="S200",CI36>=1,CI36<=20),CI36+200, IF(AND(J36="S100",CI36>=1,CI36<=20),CI36+700, IF(AND(J36="S1000",CI36>=1,CI36<=20),CI36+1000, IF(AND(J36="S400",CI36>=1,CI36<=20),CI36+400, IF(AND(OR(J36="University line",J36="S01"),CI36>=1,CI36<=45),CI36+500, CI36))))))))))))) -> 14 | M36: Eurillas latirostris | N36: 23.9 | O36: R | P36: B11539 | Q36: BI11539 | R36: 0 | S36: 2 | T36: 1 | U36: 0 | W36: N | X36: 1 | Y36: N | Z36: 81 | AB36: 75 | AC36: FAJ | AD36: P | AE36: U | AF36: D | AG36: N | AM36: 0.46597222 | AQ36: 14 | AR36: 10.3 | AS36: 4.8 | AT36: 4.2 | AU36: 20.8 | AV36: 14.9 | AW36: 12.8 | CC36: R | CD36: N | CE36: V | CF36: R | CG36: N | CH36: PL1 | CI36: 14 | CJ36: =IF(COUNTIF(reviewFlags!A:C, A36) > 0, "FLAG", "")
A37: 5513 | B37: 2.8 mm | C37: PN | D37: 0.48680556 | E37: 25 | F37: 2 | G37: 2025 | H37: =DATE(G37,F37,E37) -> 45713 | I37: Winter_2025 | J37: Cuidad de la Paz (1.613482, 10.882453) | L37: =IF(CI37="","", IF(AND(J37="P200W",CI37>=1,CI37<=20),CI37+200, IF(AND(J37="P0E",CI37>=1,CI37<=20),CI37+40, IF(AND(J37="P200E",CI37>=1,CI37<=20),CI37+240, IF(AND(J37="P400W",CI37>=1,CI37<=20),CI37+400, IF(AND(J37="P400E",CI37>=1,CI37<=20),CI37+440, IF(AND(J37="P600E",CI37>=1,CI37<=20),CI37+640, IF(AND(J37="P800E",CI37>=1,CI37<=20),CI37+840, IF(AND(J37="S200",CI37>=1,CI37<=20),CI37+200, IF(AND(J37="S100",CI37>=1,CI37<=20),CI37+700, IF(AND(J37="S1000",CI37>=1,CI37<=20),CI37+1000, IF(AND(J37="S400",CI37>=1,CI37<=20),CI37+400, IF(AND(OR(J37="University line",J37="S01"),CI37>=1,CI37<=45),CI37+500, CI37))))))))))))) -> 600G | M37: Eurillas latirostris | N37: NA | O37: N | P37: FC76519 | Q37: FC76519 | R37: 0 | S37: 1 | T37: 1 | U37: 1 | W37: N | X37: 3 | Y37: N | Z37: 80 | AB37: 74 | AC37: FAJ | AD37: P | AE37: U | AF37: D | AG37: N | AM37: 0.50625 | AQ37: 14.9 | AR37: 8.5 | AS37: 4.1 | AT37: 4.5 | AU37: 20.1 | AV37: 12.1 | AW37: 12.6 | BJ37: 83 | CC37: M | CD37: N | CE37: L | CF37: R | CG37: R | CH37: PL1 | CI37: 600G | CJ37: =IF(COUNTIF(reviewFlags!A:C, A37) > 0, "FLAG", "")
A38: 5515 | B38: 1B | C38: CSM | D38: 0.48611111 | E38: 25 | F38: 2 | G38: 2025 | H38: =DATE(G38,F38,E38) -> 45713 | I38: Winter_2025 | J38: Cuidad de la Paz (1.613482, 10.882453) | L38: =IF(CI38="","", IF(AND(J38="P200W",CI38>=1,CI38<=20),CI38+200, IF(AND(J38="P0E",CI38>=1,CI38<=20),CI38+40, IF(AND(J38="P200E",CI38>=1,CI38<=20),CI38+240, IF(AND(J38="P400W",CI38>=1,CI38<=20),CI38+400, IF(AND(J38="P400E",CI38>=1,CI38<=20),CI38+440, IF(AND(J38="P600E",CI38>=1,CI38<=20),CI38+640, IF(AND(J38="P800E",CI38>=1,CI38<=20),CI38+840, IF(AND(J38="S200",CI38>=1,CI38<=20),CI38+200, IF(AND(J38="S100",CI38>=1,CI38<=20),CI38+700, IF(AND(J38="S1000",CI38>=1,CI38<=20),CI38+1000, IF(AND(J38="S400",CI38>=1,CI38<=20),CI38+400, IF(AND(OR(J38="University line",J38="S01"),CI38>=1,CI38<=45),CI38+500, CI38))))))))))))) -> OBI-1 | M38: Eurillas latirostris | N38: 23.7 | O38: R | P38: B10176 | Q38: [1B]BI10176 | R38: 0 | S38: 0 | T38: 1 | U38: 0 | W38: N | X38: 1 | Y38: N | Z38: 80 | AB38: 76 | AC38: FAJ | AD38: P | AE38: U | AF38: D | AG38: N | AM38: 0.51180556 | AQ38: 13 | AR38: 9 | AS38: 4.3 | AT38: 4.9 | AU38: 18.5 | AV38: 12.5 | AW38: 11.8 | CC38: R | CD38: N | CE38: N | CF38: R | CG38: N | CH38: PL1 | CI38: OBI-1 | CJ38: =IF(COUNTIF(reviewFlags!A:C, A38) > 0, "FLAG", "")
A39: 5687 | B39: 2.8 mm | C39: R | D39: 0.33819444 | E39: 4 | F39: 3 | G39: 2025 | H39: =DATE(G39,F39,E39) -> 45720 | I39: Winter_2025 | J39: Cuidad de la Paz (1.613482, 10.882453) | L39: =IF(CI39="","", IF(AND(J39="P200W",CI39>=1,CI39<=20),CI39+200, IF(AND(J39="P0E",CI39>=1,CI39<=20),CI39+40, IF(AND(J39="P200E",CI39>=1,CI39<=20),CI39+240, IF(AND(J39="P400W",CI39>=1,CI39<=20),CI39+400, IF(AND(J39="P400E",CI39>=1,CI39<=20),CI39+440, IF(AND(J39="P600E",CI39>=1,CI39<=20),CI39+640, IF(AND(J39="P800E",CI39>=1,CI39<=20),CI39+840, IF(AND(J39="S200",CI39>=1,CI39<=20),CI39+200, IF(AND(J39="S100",CI39>=1,CI39<=20),CI39+700, IF(AND(J39="S1000",CI39>=1,CI39<=20),CI39+1000, IF(AND(J39="S400",CI39>=1,CI39<=20),CI39+400, IF(AND(OR(J39="University line",J39="S01"),CI39>=1,CI39<=45),CI39+500, CI39))))))))))))) -> No_Red | M39: Eurillas latirostris | N39: 27.2 | O39: N | P39: FC76662 | Q39: FC76662 | R39: 0 | S39: 0 | T39: 0 | U39: 0 | W39: N | X39: 1 | Y39: N | Z39: 83 | AB39: 75 | AC39: MFCF | AD39: P | AE39: U | AG39: N | AH39: N | AI39: N | AJ39: N | AO39: 4 | AQ39: 16.8 | AR39: 10 | AS39: 4 | AT39: 4.8 | AU39: 21.6 | AV39: 27.2 | AW39: 11.5 | BJ39: 86 | BN39: N | BP39: SAFRING | CB39: N | CC39: 1 | CD39: 0 | CE39: 0 | CF39: 0 | CG39: 0 | CH39: DN | CI39: No_Red | CJ39: =IF(COUNTIF(reviewFlags!A:C, A39) > 0, "FLAG", "")
A40: 5688 | B40: 2.8 mm | C40: N | D40: 0.33819444 | E40: 4 | F40: 3 | G40: 2025 | H40: =DATE(G40,F40,E40) -> 45720 | I40: Winter_2025 | J40: Cuidad de la Paz (1.613482, 10.882453) | L40: =IF(CI40="","", IF(AND(J40="P200W",CI40>=1,CI40<=20),CI40+200, IF(AND(J40="P0E",CI40>=1,CI40<=20),CI40+40, IF(AND(J40="P200E",CI40>=1,CI40<=20),CI40+240, IF(AND(J40="P400W",CI40>=1,CI40<=20),CI40+400, IF(AND(J40="P400E",CI40>=1,CI40<=20),CI40+440, IF(AND(J40="P600E",CI40>=1,CI40<=20),CI40+640, IF(AND(J40="P800E",CI40>=1,CI40<=20),CI40+840, IF(AND(J40="S200",CI40>=1,CI40<=20),CI40+200, IF(AND(J40="S100",CI40>=1,CI40<=20),CI40+700, IF(AND(J40="S1000",CI40>=1,CI40<=20),CI40+1000, IF(AND(J40="S400",CI40>=1,CI40<=20),CI40+400, IF(AND(OR(J40="University line",J40="S01"),CI40>=1,CI40<=45),CI40+500, CI40))))))))))))) -> 8 | M40: Eurillas latirostris | N40: 22.2 | O40: N | P40: FC76663 | Q40: FC76663 | R40: 0 | S40: 4 | T40: 0 | U40: 0 | W40: N | X40: 1 | Y40: N | Z40: 77 | AB40: 71 | AC40: MFCF | AD40: P | AE40: U | AG40: N | AH40: N | AI40: N | AJ40: N | AO40: 5 | AQ40: 14.3 | AR40: 9.3 | AS40: 5.1 | AT40: 4.6 | AU40: 20 | AV40: 12 | AW40: 10.8 | BJ40: 79 | BN40: N | BP40: SAFRING | CB40: N | CC40: 1 | CD40: 0 | CE40: 4 | CF40: 0 | CG40: 0 | CH40: DN | CI40: 8 | CJ40: =IF(COUNTIF(reviewFlags!A:C, A40) > 0, "FLAG", "")
A41: 5705 | B41: 1A | C41: N | D41: 0.34236111 | E41: 4 | F41: 3 | G41: 2025 | H41: =DATE(G41,F41,E41) -> 45720 | I41: Winter_2025 | J41: Cuidad de la Paz (1.613482, 10.882453) | L41: =IF(CI41="","", IF(AND(J41="P200W",CI41>=1,CI41<=20),CI41+200, IF(AND(J41="P0E",CI41>=1,CI41<=20),CI41+40, IF(AND(J41="P200E",CI41>=1,CI41<=20),CI41+240, IF(AND(J41="P400W",CI41>=1,CI41<=20),CI41+400, IF(AND(J41="P400E",CI41>=1,CI41<=20),CI41+440, IF(AND(J41="P600E",CI41>=1,CI41<=20),CI41+640, IF(AND(J41="P800E",CI41>=1,CI41<=20),CI41+840, IF(AND(J41="S200",CI41>=1,CI41<=20),CI41+200, IF(AND(J41="S100",CI41>=1,CI41<=20),CI41+700, IF(AND(J41="S1000",CI41>=1,CI41<=20),CI41+1000, IF(AND(J41="S400",CI41>=1,CI41<=20),CI41+400, IF(AND(OR(J41="University line",J41="S01"),CI41>=1,CI41<=45),CI41+500, CI41))))))))))))) -> 8 | M41: Bleda notatus | N41: 35.6 | O41: R | P41: B10083 | Q41: BI10083 | R41: 0 | S41: 0 | T41: 1 | U41: 0 | W41: N | X41: 1 | Y41: N? | Z41: 96 | AB41: 84 | AC41: MFCF | AD41: P | AE41: U | AG41: N | AH41: N | AI41: N | AJ41: N | AO41: 3 | AQ41: 18.8 | AR41: 13.2 | AS41: 4.6 | AT41: 6 | AU41: 25 | AV41: 15 | AW41: 10.3 | BJ41: 98 | BN41: N | CB41: N | CC41: 1 | CD41: 0 | CE41: 0 | CF41: 1 | CG41: 0 | CH41: DN | CI41: 8 | CJ41: =IF(COUNTIF(reviewFlags!A:C, A41) > 0, "FLAG", "")
A42: 5741 | B42: 2.8 mm | C42: AD | D42: 0.36388889 | E42: 22 | F42: 2 | G42: 2025 | H42: =DATE(G42,F42,E42) -> 45710 | I42: Winter_2025 | J42: Cuidad de la Paz (1.613482, 10.882453) | L42: =IF(CI42="","", IF(AND(J42="P200W",CI42>=1,CI42<=20),CI42+200, IF(AND(J42="P0E",CI42>=1,CI42<=20),CI42+40, IF(AND(J42="P200E",CI42>=1,CI42<=20),CI42+240, IF(AND(J42="P400W",CI42>=1,CI42<=20),CI42+400, IF(AND(J42="P400E",CI42>=1,CI42<=20),CI42+440, IF(AND(J42="P600E",CI42>=1,CI42<=20),CI42+640, IF(AND(J42="P800E",CI42>=1,CI42<=20),CI42+840, IF(AND(J42="S200",CI42>=1,CI42<=20),CI42+200, IF(AND(J42="S100",CI42>=1,CI42<=20),CI42+700, IF(AND(J42="S1000",CI42>=1,CI42<=20),CI42+1000, IF(AND(J42="S400",CI42>=1,CI42<=20),CI42+400, IF(AND(OR(J42="University line",J42="S01"),CI42>=1,CI42<=45),CI42+500, CI42))))))))))))) -> 248 | M42: Eurillas latirostris | N42: 23.7 | O42: N | P42: FC76637 | Q42: FC76637 | R42: 0 | S42: 0 | T42: 0 | U42: 3 | W42: N | X42: 3 | Y42: N | Z42: 78 | AB42: 75 | AC42: MFCF | AD42: P | AE42: U | AH42: Y | AI42: N | AJ42: N | AO42: 6 | AQ42: 14 | AR42: 8.8 | AS42: 4.6 | AT42: 4.4 | AU42: 19.9 | AV42: 15.5 | AW42: 13 | BJ42: 80 | BN42: N | BP42: SAFRING | CB42: Y | CC42: 3 | CD42: 0 | CE42: 0 | CF42: 0 | CG42: M | CH42: RL2E | CI42: 248 | CJ42: =IF(COUNTIF(reviewFlags!A:C, A42) > 0, "FLAG", "")
A43: 5766 | B43: 1B | C43: AD | D43: 0.37152778 | E43: 27 | F43: 2 | G43: 2025 | H43: =DATE(G43,F43,E43) -> 45715 | I43: Winter_2025 | J43: Cuidad de la Paz (1.613482, 10.882453) | K43: S | L43: =IF(CI43="","", IF(AND(J43="P200W",CI43>=1,CI43<=20),CI43+200, IF(AND(J43="P0E",CI43>=1,CI43<=20),CI43+40, IF(AND(J43="P200E",CI43>=1,CI43<=20),CI43+240, IF(AND(J43="P400W",CI43>=1,CI43<=20),CI43+400, IF(AND(J43="P400E",CI43>=1,CI43<=20),CI43+440, IF(AND(J43="P600E",CI43>=1,CI43<=20),CI43+640, IF(AND(J43="P800E",CI43>=1,CI43<=20),CI43+840, IF(AND(J43="S200",CI43>=1,CI43<=20),CI43+200, IF(AND(J43="S100",CI43>=1,CI43<=20),CI43+700, IF(AND(J43="S1000",CI43>=1,CI43<=20),CI43+1000, IF(AND(J43="S400",CI43>=1,CI43<=20),CI43+400, IF(AND(OR(J43="University line",J43="S01"),CI43>=1,CI43<=45),CI43+500, CI43))))))))))))) -> -190 | M43: Eurillas latirostris | N43: 25.5 | O43: R | P43: B11519 | Q43: BI11519 | R43: 1 | S43: 0 | T43: 0 | U43: 2 | W43: N | X43: 2 | Y43: N | Z43: 83 | AB43: 77 | AC43: MFCF | AD43: P | AE43: U | AG43: N | AH43: N | AI43: N | AJ43: N | AO43: 4 | AQ43: 15.6 | AR43: 9.5 | AS43: 4.8 | AT43: 5.2 | AU43: 20.2 | AV43: 13 | AW43: 11.9 | BJ43: 85 | BN43: N | BP43: USFWS | CB43: N | CC43: 2 | CD43: 1 | CE43: 0 | CF43: 0 | CG43: 2 | CH43: S0 | CI43: -190 | CJ43: =IF(COUNTIF(reviewFlags!A:C, A43) > 0, "FLAG", "")
A44: 5767 | B44: 1B | C44: CO | D44: 0.37152778 | E44: 27 | F44: 2 | G44: 2025 | H44: =DATE(G44,F44,E44) -> 45715 | I44: Winter_2025 | J44: Cuidad de la Paz (1.613482, 10.882453) | L44: =IF(CI44="","", IF(AND(J44="P200W",CI44>=1,CI44<=20),CI44+200, IF(AND(J44="P0E",CI44>=1,CI44<=20),CI44+40, IF(AND(J44="P200E",CI44>=1,CI44<=20),CI44+240, IF(AND(J44="P400W",CI44>=1,CI44<=20),CI44+400, IF(AND(J44="P400E",CI44>=1,CI44<=20),CI44+440, IF(AND(J44="P600E",CI44>=1,CI44<=20),CI44+640, IF(AND(J44="P800E",CI44>=1,CI44<=20),CI44+840, IF(AND(J44="S200",CI44>=1,CI44<=20),CI44+200, IF(AND(J44="S100",CI44>=1,CI44<=20),CI44+700, IF(AND(J44="S1000",CI44>=1,CI44<=20),CI44+1000, IF(AND(J44="S400",CI44>=1,CI44<=20),CI44+400, IF(AND(OR(J44="University line",J44="S01"),CI44>=1,CI44<=45),CI44+500, CI44))))))))))))) -> BB-1 | M44: Eurillas latirostris | N44: 26.8 | O44: R | P44: B10172 | Q44: [1B]BI10172 | R44: 0 | S44: 0 | T44: 0 | U44: 0 | W44: N | X44: 1 | Y44: N | Z44: 85 | AB44: 76 | AC44: MFCF | AD44: P | AE44: U | AG44: N | AH44: N | AI44: N | AJ44: N | AO44: 5 | AQ44: 15.3 | AR44: 9.5 | AS44: 5.2 | AT44: 5.3 | AU44: 21.7 | AV44: 15.5 | AW44: 13 | BJ44: 87 | BN44: N | BP44: USFWS | CB44: N | CC44: 1 | CD44: 0 | CE44: 0 | CF44: 0 | CG44: 0 | CH44: S0 | CI44: BB-1 | CJ44: =IF(COUNTIF(reviewFlags!A:C, A44) > 0, "FLAG", "")
A45: 5793 | B45: 2.8 mm | C45: CO | D45: 0.38194444 | E45: 2 | F45: 3 | G45: 2025 | H45: =DATE(G45,F45,E45) -> 45718 | I45: Winter_2025 | J45: Cuidad de la Paz (1.613482, 10.882453) | L45: =IF(CI45="","", IF(AND(J45="P200W",CI45>=1,CI45<=20),CI45+200, IF(AND(J45="P0E",CI45>=1,CI45<=20),CI45+40, IF(AND(J45="P200E",CI45>=1,CI45<=20),CI45+240, IF(AND(J45="P400W",CI45>=1,CI45<=20),CI45+400, IF(AND(J45="P400E",CI45>=1,CI45<=20),CI45+440, IF(AND(J45="P600E",CI45>=1,CI45<=20),CI45+640, IF(AND(J45="P800E",CI45>=1,CI45<=20),CI45+840, IF(AND(J45="S200",CI45>=1,CI45<=20),CI45+200, IF(AND(J45="S100",CI45>=1,CI45<=20),CI45+700, IF(AND(J45="S1000",CI45>=1,CI45<=20),CI45+1000, IF(AND(J45="S400",CI45>=1,CI45<=20),CI45+400, IF(AND(OR(J45="University line",J45="S01"),CI45>=1,CI45<=45),CI45+500, CI45))))))))))))) -> 1035 | M45: Eurillas latirostris | O45: N | P45: FC76659 | Q45: FC76659 | R45: 0 | S45: 0 | T45: 1 | U45: 1 | W45: N | X45: 1 | Y45: N | Z45: 79 | AB45: 74 | AC45: DCB | AD45: P | AE45: U | AG45: N | AH45: N | AI45: N | AJ45: N | AO45: 2 | AQ45: 14.1 | AR45: 10 | AS45: 5.5 | AT45: 4.5 | AU45: 19.9 | AV45: 10.8 | AW45: 10.8 | BJ45: 81 | BN45: N | BP45: SAFRING | CB45: N | CC45: 1 | CD45: 0 | CE45: 0 | CF45: 1 | CG45: 1 | CH45: DN | CI45: 1035 | CJ45: =IF(COUNTIF(reviewFlags!A:C, A45) > 0, "FLAG", "")
A46: 5821 | B46: 2.8 mm | C46: N | D46: 0.39583333 | E46: 4 | F46: 3 | G46: 2025 | H46: =DATE(G46,F46,E46) -> 45720 | I46: Winter_2025 | J46: Cuidad de la Paz (1.613482, 10.882453) | L46: =IF(CI46="","", IF(AND(J46="P200W",CI46>=1,CI46<=20),CI46+200, IF(AND(J46="P0E",CI46>=1,CI46<=20),CI46+40, IF(AND(J46="P200E",CI46>=1,CI46<=20),CI46+240, IF(AND(J46="P400W",CI46>=1,CI46<=20),CI46+400, IF(AND(J46="P400E",CI46>=1,CI46<=20),CI46+440, IF(AND(J46="P600E",CI46>=1,CI46<=20),CI46+640, IF(AND(J46="P800E",CI46>=1,CI46<=20),CI46+840, IF(AND(J46="S200",CI46>=1,CI46<=20),CI46+200, IF(AND(J46="S100",CI46>=1,CI46<=20),CI46+700, IF(AND(J46="S1000",CI46>=1,CI46<=20),CI46+1000, IF(AND(J46="S400",CI46>=1,CI46<=20),CI46+400, IF(AND(OR(J46="University line",J46="S01"),CI46>=1,CI46<=45),CI46+500, CI46))))))))))))) -> 212 | M46: Eurillas latirostris | N46: 28.8 | O46: N | P46: FC76664 | Q46: FC76664 | R46: 0 | S46: 0 | T46: 3 | U46: 0 | W46: N | X46: 2 | Y46: N | Z46: 84 | AB46: 73 | AC46: MFCF | AD46: P | AE46: U | AG46: N | AH46: N | AI46: N | AJ46: N | AO46: 6 | AQ46: 14.5 | AR46: 9 | AS46: 5.5 | AT46: 4.6 | AU46: 21.1 | AV46: 17 | AW46: 11.4 | BJ46: 85 | BN46: N | BP46: SAFRING | CB46: N | CC46: 2 | CD46: 0 | CE46: 0 | CF46: 3 | CG46: 0 | CH46: DN | CI46: 212 | CJ46: =IF(COUNTIF(reviewFlags!A:C, A46) > 0, "FLAG", "")
A47: 5831 | B47: 2.8 mm | C47: CO | D47: 0.39930556 | E47: 27 | F47: 2 | G47: 2025 | H47: =DATE(G47,F47,E47) -> 45715 | I47: Winter_2025 | J47: Cuidad de la Paz (1.613482, 10.882453) | K47: S | L47: =IF(CI47="","", IF(AND(J47="P200W",CI47>=1,CI47<=20),CI47+200, IF(AND(J47="P0E",CI47>=1,CI47<=20),CI47+40, IF(AND(J47="P200E",CI47>=1,CI47<=20),CI47+240, IF(AND(J47="P400W",CI47>=1,CI47<=20),CI47+400, IF(AND(J47="P400E",CI47>=1,CI47<=20),CI47+440, IF(AND(J47="P600E",CI47>=1,CI47<=20),CI47+640, IF(AND(J47="P800E",CI47>=1,CI47<=20),CI47+840, IF(AND(J47="S200",CI47>=1,CI47<=20),CI47+200, IF(AND(J47="S100",CI47>=1,CI47<=20),CI47+700, IF(AND(J47="S1000",CI47>=1,CI47<=20),CI47+1000, IF(AND(J47="S400",CI47>=1,CI47<=20),CI47+400, IF(AND(OR(J47="University line",J47="S01"),CI47>=1,CI47<=45),CI47+500, CI47))))))))))))) -> 9 | M47: Eurillas latirostris | N47: 27.5 | O47: N | P47: FC76655 | Q47: FC76655 | R47: 1 | S47: 0 | T47: 0 | U47: 1 | W47: N | X47: 1 | Y47: N | Z47: 87 | AB47: 76 | AC47: DCB | AD47: P | AE47: U | AG47: N | AH47: N | AI47: N | AJ47: N | AO47: 6 | AQ47: 15.1 | AR47: 9.5 | AS47: 4.9 | AT47: 5.1 | AU47: 20.9 | AV47: 17 | AW47: 13 | BJ47: 89 | BN47: N | BP47: SAFRING | CB47: N | CC47: 1 | CD47: 1 | CE47: 0 | CF47: 0 | CG47: 1 | CH47: S0 | CI47: 9 | CJ47: =IF(COUNTIF(reviewFlags!A:C, A47) > 0, "FLAG", "")
A48: 5993 | B48: 1B | C48: MNE | D48: 0.50208333 | E48: 27 | F48: 2 | G48: 2025 | H48: =DATE(G48,F48,E48) -> 45715 | I48: Winter_2025 | J48: Cuidad de la Paz (1.613482, 10.882453) | K48: S | L48: =IF(CI48="","", IF(AND(J48="P200W",CI48>=1,CI48<=20),CI48+200, IF(AND(J48="P0E",CI48>=1,CI48<=20),CI48+40, IF(AND(J48="P200E",CI48>=1,CI48<=20),CI48+240, IF(AND(J48="P400W",CI48>=1,CI48<=20),CI48+400, IF(AND(J48="P400E",CI48>=1,CI48<=20),CI48+440, IF(AND(J48="P600E",CI48>=1,CI48<=20),CI48+640, IF(AND(J48="P800E",CI48>=1,CI48<=20),CI48+840, IF(AND(J48="S200",CI48>=1,CI48<=20),CI48+200, IF(AND(J48="S100",CI48>=1,CI48<=20),CI48+700, IF(AND(J48="S1000",CI48>=1,CI48<=20),CI48+1000, IF(AND(J48="S400",CI48>=1,CI48<=20),CI48+400, IF(AND(OR(J48="University line",J48="S01"),CI48>=1,CI48<=45),CI48+500, CI48))))))))))))) | M48: Eurillas latirostris | N48: 28.5 | O48: R | P48: B11561 | Q48: BI11561 | R48: 0 | S48: 0 | T48: 0 | U48: 2 | W48: N | X48: 1 | Y48: N | Z48: 82 | AB48: 75 | AC48: FAJ | AD48: P | AE48: U | AF48: D | AG48: N | AQ48: 14.9 | AR48: 10.1 | AS48: 5.2 | AT48: 4.9 | AU48: 22.6 | AV48: 24.5 | AW48: 14.1 | BJ48: 86 | CC48: R | CD48: N | CE48: N | CF48: N | CG48: P | CH48: S1021-1040 | CJ48: =IF(COUNTIF(reviewFlags!A:C, A48) > 0, "FLAG", "")
A49: 6063 | B49: 1B | C49: PN | D49: 0.36736111 | E49: 26 | F49: 2 | G49: 2025 | H49: =DATE(G49,F49,E49) -> 45714 | I49: Winter_2025 | J49: Cuidad de la Paz (1.613482, 10.882453) | L49: =IF(CI49="","", IF(AND(J49="P200W",CI49>=1,CI49<=20),CI49+200, IF(AND(J49="P0E",CI49>=1,CI49<=20),CI49+40, IF(AND(J49="P200E",CI49>=1,CI49<=20),CI49+240, IF(AND(J49="P400W",CI49>=1,CI49<=20),CI49+400, IF(AND(J49="P400E",CI49>=1,CI49<=20),CI49+440, IF(AND(J49="P600E",CI49>=1,CI49<=20),CI49+640, IF(AND(J49="P800E",CI49>=1,CI49<=20),CI49+840, IF(AND(J49="S200",CI49>=1,CI49<=20),CI49+200, IF(AND(J49="S100",CI49>=1,CI49<=20),CI49+700, IF(AND(J49="S1000",CI49>=1,CI49<=20),CI49+1000, IF(AND(J49="S400",CI49>=1,CI49<=20),CI49+400, IF(AND(OR(J49="University line",J49="S01"),CI49>=1,CI49<=45),CI49+500, CI49))))))))))))) -> 243 | M49: Eurillas latirostris | N49: 30.3 | O49: R | P49: B11994 | Q49: BI11994 | R49: 0 | S49: 0 | T49: 0 | U49: 1 | W49: S | X49: 1 | Y49: N | Z49: 83 | AB49: 82 | AC49: FMJ | AD49: P | AE49: U | AF49: D | AG49: N | AM49: 0.37708333 | AN49: P1:60%,P2:50%,P3:20% | AQ49: 14.9 | AR49: 10 | AS49: 5.2 | AT49: 5.1 | AU49: 20.2 | AV49: 14.5 | AW49: 13 | BJ49: 85 | CC49: R | CD49: N | CE49: N | CF49: N | CG49: R | CH49: PL1 | CI49: 243 | CJ49: =IF(COUNTIF(reviewFlags!A:C, A49) > 0, "FLAG", "")
A50: 6169 | B50: 1B | C50: AD | D50: 0.34513889 | E50: 23 | F50: 2 | G50: 2025 | H50: =DATE(G50,F50,E50) -> 45711 | I50: Winter_2025 | J50: Cuidad de la Paz (1.613482, 10.882453) | L50: =IF(CI50="","", IF(AND(J50="P200W",CI50>=1,CI50<=20),CI50+200, IF(AND(J50="P0E",CI50>=1,CI50<=20),CI50+40, IF(AND(J50="P200E",CI50>=1,CI50<=20),CI50+240, IF(AND(J50="P400W",CI50>=1,CI50<=20),CI50+400, IF(AND(J50="P400E",CI50>=1,CI50<=20),CI50+440, IF(AND(J50="P600E",CI50>=1,CI50<=20),CI50+640, IF(AND(J50="P800E",CI50>=1,CI50<=20),CI50+840, IF(AND(J50="S200",CI50>=1,CI50<=20),CI50+200, IF(AND(J50="S100",CI50>=1,CI50<=20),CI50+700, IF(AND(J50="S1000",CI50>=1,CI50<=20),CI50+1000, IF(AND(J50="S400",CI50>=1,CI50<=20),CI50+400, IF(AND(OR(J50="University line",J50="S01"),CI50>=1,CI50<=45),CI50+500, CI50))))))))))))) | M50: Eurillas virens | N50: 19.5 | O50: R | P50: B11976 | Q50: BI11976 | R50: 1 | S50: 0 | T50: 1 | U50: 3 | W50: S | X50: 4 | Y50: N | Z50: 70 | AB50: NA | AC50: MFPF | AD50: P | AE50: U | AG50: N | AH50: N | AI50: N | AJ50: N | AO50: 3 | AQ50: 12.8 | AR50: 8 | AS50: 4.5 | AT50: 4.1 | AU50: 19 | AV50: 16 | AW50: 9.3 | BJ50: 71 | BN50: N | BP50: USFWS | CB50: N | CC50: 4 | CD50: 1 | CE50: 0 | CF50: 1 | CG50: 3 | CH50: RL2E | CJ50: =IF(COUNTIF(reviewFlags!A:C, A50) > 0, "FLAG", "")
A51: 6192 | B51: 1B | C51: CO | D51: 0.37152778 | E51: 22 | F51: 2 | G51: 2025 | H51: =DATE(G51,F51,E51) -> 45710 | I51: Winter_2025 | J51: Cuidad de la Paz (1.613482, 10.882453) | L51: =IF(CI51="","", IF(AND(J51="P200W",CI51>=1,CI51<=20),CI51+200, IF(AND(J51="P0E",CI51>=1,CI51<=20),CI51+40, IF(AND(J51="P200E",CI51>=1,CI51<=20),CI51+240, IF(AND(J51="P400W",CI51>=1,CI51<=20),CI51+400, IF(AND(J51="P400E",CI51>=1,CI51<=20),CI51+440, IF(AND(J51="P600E",CI51>=1,CI51<=20),CI51+640, IF(AND(J51="P800E",CI51>=1,CI51<=20),CI51+840, IF(AND(J51="S200",CI51>=1,CI51<=20),CI51+200, IF(AND(J51="S100",CI51>=1,CI51<=20),CI51+700, IF(AND(J51="S1000",CI51>=1,CI51<=20),CI51+1000, IF(AND(J51="S400",CI51>=1,CI51<=20),CI51+400, IF(AND(OR(J51="University line",J51="S01"),CI51>=1,CI51<=45),CI51+500, CI51))))))))))))) | M51: Eurillas latirostris | N51: 29.3 | O51: R | P51: B11966 | Q51: BI11966 | R51: 0 | S51: 0 | T51: 0 | U51: 2 | W51: S | X51: 1 | Y51: N | Z51: 84 | AB51: 82 | AC51: MFCF | AD51: P | AE51: U | AH51: N | AI51: N | AJ51: N | AO51: 7 | AQ51: 14.1 | AR51: 8.2 | AS51: 5.2 | AT51: 4.8 | AU51: 19.8 | AV51: 14.5 | AW51: 10.7 | BJ51: 87 | BN51: N | BP51: USFWS | CB51: N | CC51: R | CD51: 0 | CE51: 0 | CF51: 0 | CG51: P | CH51: RL2E | CJ51: =IF(COUNTIF(reviewFlags!A:C, A51) > 0, "FLAG", "")
A52: 6211 | B52: 2.8 mm | C52: CO | D52: 0.40416667 | E52: 26 | F52: 2 | G52: 2025 | H52: =DATE(G52,F52,E52) -> 45714 | I52: Winter_2025 | J52: Cuidad de la Paz (1.613482, 10.882453) | L52: =IF(CI52="","", IF(AND(J52="P200W",CI52>=1,CI52<=20),CI52+200, IF(AND(J52="P0E",CI52>=1,CI52<=20),CI52+40, IF(AND(J52="P200E",CI52>=1,CI52<=20),CI52+240, IF(AND(J52="P400W",CI52>=1,CI52<=20),CI52+400, IF(AND(J52="P400E",CI52>=1,CI52<=20),CI52+440, IF(AND(J52="P600E",CI52>=1,CI52<=20),CI52+640, IF(AND(J52="P800E",CI52>=1,CI52<=20),CI52+840, IF(AND(J52="S200",CI52>=1,CI52<=20),CI52+200, IF(AND(J52="S100",CI52>=1,CI52<=20),CI52+700, IF(AND(J52="S1000",CI52>=1,CI52<=20),CI52+1000, IF(AND(J52="S400",CI52>=1,CI52<=20),CI52+400, IF(AND(OR(J52="University line",J52="S01"),CI52>=1,CI52<=45),CI52+500, CI52))))))))))))) -> 460 | M52: Eurillas latirostris | N52: 27 | O52: N | P52: FC76652 | Q52: FC76652 | R52: 1 | S52: 0 | T52: 3 | U52: 0 | W52: S | X52: 3 | Y52: N | Z52: 75 | AB52: 71 | AC52: MFPF | AD52: P | AE52: U | AG52: N | AH52: N | AI52: N | AJ52: N | AO52: 5 | AQ52: 14.1 | AR52: 9.1 | AS52: 5 | AT52: 4.5 | AU52: 19.8 | AV52: 15 | AW52: 12.5 | BJ52: 77 | BN52: N | BP52: SAFRING | CB52: N | CC52: 3 | CD52: 1 | CE52: 0 | CF52: 3 | CG52: 0 | CH52: RL1 | CI52: 460 | CJ52: =IF(COUNTIF(reviewFlags!A:C, A52) > 0, "FLAG", "")
A53: 6227 | B53: 2.8 mm | C53: CO | D53: 0.42986111 | E53: 26 | F53: 2 | G53: 2025 | H53: =DATE(G53,F53,E53) -> 45714 | I53: Winter_2025 | J53: Cuidad de la Paz (1.613482, 10.882453) | L53: =IF(CI53="","", IF(AND(J53="P200W",CI53>=1,CI53<=20),CI53+200, IF(AND(J53="P0E",CI53>=1,CI53<=20),CI53+40, IF(AND(J53="P200E",CI53>=1,CI53<=20),CI53+240, IF(AND(J53="P400W",CI53>=1,CI53<=20),CI53+400, IF(AND(J53="P400E",CI53>=1,CI53<=20),CI53+440, IF(AND(J53="P600E",CI53>=1,CI53<=20),CI53+640, IF(AND(J53="P800E",CI53>=1,CI53<=20),CI53+840, IF(AND(J53="S200",CI53>=1,CI53<=20),CI53+200, IF(AND(J53="S100",CI53>=1,CI53<=20),CI53+700, IF(AND(J53="S1000",CI53>=1,CI53<=20),CI53+1000, IF(AND(J53="S400",CI53>=1,CI53<=20),CI53+400, IF(AND(OR(J53="University line",J53="S01"),CI53>=1,CI53<=45),CI53+500, CI53))))))))))))) -> 259 | M53: Eurillas latirostris | N53: 27.2 | O53: N | P53: FC76653 | Q53: FC76653 | R53: 1 | S53: 0 | T53: 3 | U53: 0 | W53: S | X53: 3 | Y53: N | Z53: 84 | AB53: NA | AC53: MFPF | AD53: P | AE53: U | AG53: N | AH53: N | AI53: N | AJ53: N | AO53: 6 | AQ53: 15 | AR53: 9.2 | AS53: 4.9 | AT53: 4.9 | AU53: 20.6 | AV53: 15 | AW53: 12.1 | BJ53: 86 | BN53: N | BP53: SAFRING | CB53: N | CC53: 3 | CD53: 1 | CE53: 0 | CF53: 3 | CG53: 0 | CH53: RL1 | CI53: 259 | CJ53: =IF(COUNTIF(reviewFlags!A:C, A53) > 0, "FLAG", "")
A54: 6252 | B54: 1B | C54: SAL | D54: 0.49027778 | E54: 26 | F54: 2 | G54: 2025 | H54: =DATE(G54,F54,E54) -> 45714 | I54: Winter_2025 | J54: Cuidad de la Paz (1.613482, 10.882453) | L54: =IF(CI54="","", IF(AND(J54="P200W",CI54>=1,CI54<=20),CI54+200, IF(AND(J54="P0E",CI54>=1,CI54<=20),CI54+40, IF(AND(J54="P200E",CI54>=1,CI54<=20),CI54+240, IF(AND(J54="P400W",CI54>=1,CI54<=20),CI54+400, IF(AND(J54="P400E",CI54>=1,CI54<=20),CI54+440, IF(AND(J54="P600E",CI54>=1,CI54<=20),CI54+640, IF(AND(J54="P800E",CI54>=1,CI54<=20),CI54+840, IF(AND(J54="S200",CI54>=1,CI54<=20),CI54+200, IF(AND(J54="S100",CI54>=1,CI54<=20),CI54+700, IF(AND(J54="S1000",CI54>=1,CI54<=20),CI54+1000, IF(AND(J54="S400",CI54>=1,CI54<=20),CI54+400, IF(AND(OR(J54="University line",J54="S01"),CI54>=1,CI54<=45),CI54+500, CI54))))))))))))) | M54: Eurillas latirostris | N54: 29.5 | O54: R | P54: B11984 | Q54: BI11984 | R54: 0 | S54: 0 | T54: 1 | U54: 1 | W54: S | X54: 1 | Y54: N | Z54: 87 | AB54: 79 | AC54: MFPF | AD54: P | AE54: U | AG54: N | AH54: S | AI54: N | AJ54: N | AO54: 7 | AQ54: 14.4 | AR54: 9.5 | AS54: 3.1 | AT54: 4.9 | AU54: 20.5 | AV54: 13 | AW54: 13 | BJ54: 88 | BN54: S | BO54: AD | BP54: USFWS | BS54: 5555555555 | BT54: 555540 | BU54: 0 | CB54: S | CC54: 1 | CD54: 0 | CE54: 0 | CF54: 1 | CG54: 1 | CH54: RL1 | CJ54: =IF(COUNTIF(reviewFlags!A:C, A54) > 0, "FLAG", "")

Sheet Metadata
A1: ENG | B1: ESP | C1: New Field Value | D1: New Field Value Details (Eng) | E1: Old Field Value Equivalent | F1: Old Field Value Details (Esp) | G1: Notes
A2: New/Recap | B2: Nuevo.Recap | C2: N | D2: New | E2: N | F2: Nuevo
C3: R | D3: Recap | E3: R | F3: Recaptura
C4: S | D4: Same day recapture | E4: S
A5: Fat score | B5: Grasa | C5: 0 | D5: No fat anywhere | E5: N
C6: 1 | D6: Furcular hollow less than 5% full. | E6: R,T
C7: 2 | D7: Furcular hollow 5-33% full. | E7: C,P,L
C8: 3 | D8: Furcular hollow about half full (34%-66%). | E8: M
C9: 4 | D9: Furcular hollow full, 67%-100%, fat thick in wingpits and on abdomen. | E9: H,LL
C10: 5 | D10: Fat bulging above furcular hollow, in wingpits, and on abdomen. | E10: X
C11: 6 | D11: Fat greatly bulging in all areas.
C12: 7 | D12: Excessive; fat nearly joined from all areas.
C13: X | D13: Not assessed
A14: Pec score | B14: Musculo | C14: 0 | D14: None
C15: 1 | D15: Breast is very concave; no discernable muscle mass around keel
C16: 2 | D16: Muscle mass is concave; bird is somewhat keeled
C17: 3 | D17: Muscle mass extends down and out from keel but surface is flat (pyramid shape)
C18: 4 | D18: Muscle mass is rounded/convex but not fully rounded, can still see keel
C19: 5 | D19: Muscle mass is fully rounded (no keel)
C20: X | D20: Not assessed
A21: Brood patch | B21: Placa.de.Incubacion | C21: 0 | D21: None present, breast feathered. | E21: N | F21: No hay
C22: 1 | D22: Feathers dropped, skin smooth and dark red; some vascularization. | E22: L,S | F22: Piel lisa
C23: 2 | D23: Skin vascularized and wrinkled, fluid present. | E23: V | F23: Vascularizado
C24: 3 | D24: Vascularization extreme, skin wrinkled, much fluid. | E24: F | F24: Muy fluido
C25: 4 | D25: Wrinkled skin, thin and dry; vascularization and fluid mostly gone. | E25: A,W | F25: Arrugado
C26: 5 | D26: Vascularization, fluid, and wrinkles gone; pinfeathers appearing. | E26: M | F26: En muda
C27: J | D27: "Baby belly". Exposed flesh on the belly of some juvenile birds. | E27: J | F27: Parche falso
C28: X | D28: Not assessed
A29: Cloacal protuberance | B29: Cloaca | C29: 0 | D29: Cloaca not enlarged. | E29: N | F29: No hay
C30: 1 | D30: Small (conical; wide at base, narrow at tip.) | E30: P,S | F30: Pequeño
C31: 2 | D31: Medium (cylindrical; as large at tip as at base.) | E31: M | F31: Mediana
C32: 3 | D32: Large (bulbous; larger at tip than at base.) | E32: G,L | F32: Grande
C33: X | D33: Not assessed
A34: Skull pneumatization | B34: Craneo | C34: 0 | D34: None; single pinkish layer.
C35: 1 | D35: Trace at very back of skull; 1-5% of total area.
C36: 2 | D36: 6-33% at back; distinct contrast; whitish dots.
C37: 3 | D37: 34-66%; rear half and some of front, midline, and sides.
C38: 4 | D38: 67-94%; two oval red spots either side of cranium - rest completed.
C39: 5 | D39: 95-99%; two tiny pinkish spots. (Some birds stay at class 5.)
C40: 6 | D40: Complete, fully pneumaticized.
C41: 8 | D41: Skull examined but degree of pneumaticization not determinable.
C42: X | D42: Not assessed
A43: FF moult detail | B43: Muda.de.Plumas.del.Vuelo | C43: N | D43: None. | E43: N | F43: No hay | G43: Could be applied to Mude.de.cola, though we don't really use that column.
C44: A | D44: Adventitious, accidental, asymmetric. | E44: A | F44: Asimetrica/Adventicia
C45: S | D45: Full, normal symmetric molt. | E45: S | F45: Simétrica
C46: J | D46: Growth of juvenile (1st-generation) flight feathers.
A47: Extent of body moult | B47: Muda.de.Cuerpo | C47: 0 | D47: None. | E47: N
C48: 1 | D48: Trace; a few feathers anywhere on body. | E48: R,T
C49: 2 | D49: Light; a number from any individual tract. | E49: P,L
C50: 3 | D50: Medium; a number from several tracts or most of head. | E50: M,S
C51: 4 | D51: Heavy; more than half from most tracts; more than ½ of body. | E51: B,H
C52: X | D52: Not assessed
A53: FF wear | B53: desgaste | C53: 0 | D53: None; light feather edges remain. | E53: N | F53: No hay
C54: 1 | D54: Very slight edge wear; no fraying or nicks. | E54: R,L | F54: Pocquito
C55: 2 | D55: Slight; definitely worn but very little fraying, very few nicks. | E55: P | F55: Ligado
C56: 3 | D56: Moderate; definite fraying and nicks; chips along vanes. | E56: M | F56: Moderato
C57: 4 | D57: Heavy; feathers worn and frayed, tips missing. | E57: B,H | F57: Bastante
C58: 5 | D58: Excessive; extreme wear, shafts exposed beyond vanes, tips broken off | E58: X | F58: Excessivo
C59: X | D59: Not assessed
A60: Bird disposition/status | B60: Estado | C60: N | D60: Normal, healthy bird displaying normal behaviour | E60: N | F60: Normal
C61: M | D61: Malformed (deformity such as crossed mandibles). | E61: L | F61: Lesionado | G61: Could retain "L" for cases where an individual exhibits multiple injuries
C62: O | D62: Old (healed) injury. | E62: L | F62: Lesionado
C63: I | D63: Ill (diseased). | E63: L | F63: Lesionado
C64: S | D64: Stress or shock. | E64: X | F64: Estressado
C65: E | D65: Eye injury. | E65: L | F65: Lesionado
C66: T | D66: Tongue injury. | E66: L | F66: Lesionado
C67: W | D67: Wing injury. | E67: W | F67: Cepa ala
C68: B | D68: Body injury. | E68: L | F68: Lesionado
C69: L | D69: Leg injury. | E69: L | F69: Lesionado
C70: P | D70: Predator-caused mortality. | E70: M | F70: Muerto
C71: D | D71: Dead (or permanently removed). | E71: M / C | F71: Muerto / Colectado
A72: Extent of juv plumage | B72: plumaje_juvenil | C72: 0 | D72: None; no juvenile plumage remaining.
C73: 1 | D73: In preformative molt; <½ of juvenile plumage remains.
C74: 2 | D74: In preformative molt; >½ of juvenile plumage remains.
C75: 3 | D75: Juvenile plumage growing in or full.
A76: Molt limits (tract level) and plumages | B76: alulas | C76: J | D76: Juvenile; feather tract comprised entirely of retained juvenile feathers or non-feathered body part shows characteristics indicative of a young bird | E76: J | F76: Juvenil; todo el plumaje del tracto es juvenil
B77: ppcovs | C77: L | D77: Molt limit; molt limit between juvenile and formative feathers | E77: L | F77: Límite de muda entre plumas juveniles y formativas
B78: grcovs | C78: F | D78: Formative; feather tract comprised entirely of formative feathers. | E78: F | F78: Formativo; todo el plumaje del tracto es formativo
B79: medcovs | C79: B | D79: Basic; feather tract entirely of basic feathers or non-feathered body part shows characteristics indicative of an adult bird | E79: B | F79: Básico; todo el plumaje del tracto es de tipo básico
B80: lesscovs | C80: R | D80: Retained; both juvenile and basic feathers are present within the tract. | E80: R | F80: Retenido; tanto las plumas juveniles como las básicas están presentes en el tracto
B81: underwing_covs | C81: M | D81: Mixed; multiple generations of basic feathers are present in the tract. | E81: M | F81: Mixto; varias generaciones de plumas presentes en un mismo tramo
C82: A | D82: Alternate; ALL feathers in the tract are of alternate plumage. Exception: if some of the body feathers are alternate, then the BPL column should be scored A. | E82: A | F82: Alternas; todas las plumas de un tracto son alternas
C83: N | D83: Definitely not juvenile feathers, but whether or not they are formative or basic feathers cannot be determined with confidence. | E83: N | F83: Definitivamente no es básico, pero no puedo decir con seguridad
C84: U | D84: Unknown; feather tract or non-feathered body part examined, but shows ambiguous characteristics or cannot be coded with confidence | E84: D | F84: Desconocido; tracto evaluado pero no se puede codificar con confianza | G84: Recommend keeping "D" over "U".
C85: X | D85: Not assessed | E85: X | F85: No evaluado
A86: How aged | B86: Caracteristicas.para.Edad | C86: B | D86: Brood patch
C87: C | D87: Cloacal protuberance
C88: E | D88: Eye color
C89: F | D89: Feather shape or wear
C90: I | D90: Mouth/bill color
C91: L | D91: Molt limit present
C92: M | D92: Molting
C93: P | D93: Adult plumage
C94: J | D94: Juvenile plumage
C95: S | D95: Skull
C96: O | D96: Other, specify in Comments
C97: X | D97: Not assessed
A98: Sex | B98: Sexo | C98: F | D98: Female | E98: H | G98: Been using "F" and "H" interchangeably.
C99: M | D99: Male | E99: M
C100: PF | D100: Probable female
...

Sheet Band number calculator
A1: record_number | B1: Numero.de.Anillo | C1: OYALA / NSORK / BIOKO | D1: band_num_est (V2) | E1: prefix V2 | F1: concat_dupl | G1: band_num_est (special) | H1: corrected num only | I1: corrected "special" prefix | J1: band_num_est (actual) | K1: corrected "actual" prefix | L1: original prefix | M1: original number sans | N1: band_num_est_details
A2: 3209 | B2: ??? | C2: OYALA | D2: NO BAND | G2: NO BAND | H2: {=_xlfn.TEXTJOIN("",,MID(G2,MIN(SEARCH({0,1,2,3,4,5,6,7,8,9},G2&"0123456789")),99))} | I2: NO BAND | J2: NO BAND | M2: NO BAND | N2: No band
A3: 3475 | B3: B10010 | C3: OYALA | D3: =E3&H3 -> BI10010 | E3: BI | G3: =$I3&$M3 -> [1A]BI10010 | H3: {=_xlfn.TEXTJOIN("",,MID(J3,MIN(SEARCH({0,1,2,3,4,5,6,7,8,9},J3&"0123456789")),99))} -> 10010 | I3: [1A]BI | J3: =K3&M3 -> BI10010 | K3: BI | L3: B | M3: 10010 | N3: Nums 10101-10200 size 1A w/ “[1A]BI” prefix deployed as "N" from Winter_2019 until Winter_2024 to distinguish w/ overlapping string of 1B rings.
A4: 1005 | B4: 3620 | C4: OYALA | D4: =E4&H4 -> BI03620 | E4: BI | F4: =captureData!#REF!&"_"&D4 -> #REF! | G4: =$I4&$M4 -> BI03620 | H4: {=_xlfn.TEXTJOIN("",,MID(G4,MIN(SEARCH({0,1,2,3,4,5,6,7,8,9},G4&"0123456789")),99))} -> 03620 | I4: BI0 | J4: =K4&M4 -> BI03620 | K4: BI0 | M4: 3620 | N4: Nums 3601-4000 size 0A w/ “BI0” prefix (no overlap with other strings)
A5: 1658 | B5: 3621 | C5: OYALA | G5: =$I5&$M5 -> BI03621 | H5: {=_xlfn.TEXTJOIN("",,MID(G5,MIN(SEARCH({0,1,2,3,4,5,6,7,8,9},G5&"0123456789")),99))} -> 03621 | I5: BI0 | J5: =K5&M5 -> BI03621 | K5: BI0 | M5: 3621 | N5: Nums 3601-4000 size 0A w/ “BI0” prefix (no overlap with other strings)
A6: 713 | B6: 21 | C6: OYALA | D6: =E6&H6 -> EGBI00021 | E6: EGBI | F6: =captureData!#REF!&"_"&D6 -> #REF! | G6: =$I6&$M6 -> EGBI00021 | H6: {=_xlfn.TEXTJOIN("",,MID(G6,MIN(SEARCH({0,1,2,3,4,5,6,7,8,9},G6&"0123456789")),99))} -> 00021 | I6: EGBI | J6: =K6&M6 -> EGBI00021 | K6: EGBI | M6: 00021 | N6: Nums 0001-1500 deployed BEFORE Winter_2023 ASSUMED w/ "EGBI0” prefix
A7: 631 | B7: 517 | C7: BIOKO | D7: =E7&H7 -> EGBI00517 | E7: EGBI | F7: =captureData!#REF!&"_"&D7 -> #REF! | G7: =$I7&$M7 -> EGBI00517 | H7: {=_xlfn.TEXTJOIN("",,MID(G7,MIN(SEARCH({0,1,2,3,4,5,6,7,8,9},G7&"0123456789")),99))} -> 00517 | I7: EGBI00 | J7: =K7&M7 -> EGBI00517 | K7: EGBI00 | M7: 517 | N7: Nums 0001-1500 deployed BEFORE Winter_2023 ASSUMED w/ "EGBI0” prefix
A8: 4416 | B8: B10104 | C8: OYALA | G8: =$I8&$M8 -> [1A]BI10104 | H8: {=_xlfn.TEXTJOIN("",,MID(J8,MIN(SEARCH({0,1,2,3,4,5,6,7,8,9},J8&"0123456789")),99))} -> 10104 | I8: [1A]BI | J8: =K8&M8 -> BI10104 | K8: BI | L8: B | M8: 10104 | N8: Nums 10101-10200 size 1A w/ “[1A]BI” prefix deployed as "N" from Winter_2019 until Winter_2024 to distinguish w/ overlapping string of 1B rings.
A9: 574 | B9: 521 | C9: BIOKO | D9: =E9&H9 -> EGBI00521 | E9: EGBI | F9: =captureData!#REF!&"_"&D9 -> #REF! | G9: =$I9&$M9 -> EGBI00521 | H9: {=_xlfn.TEXTJOIN("",,MID(G9,MIN(SEARCH({0,1,2,3,4,5,6,7,8,9},G9&"0123456789")),99))} -> 00521 | I9: EGBI00 | J9: =K9&M9 -> EGBI00521 | K9: EGBI00 | M9: 521 | N9: Nums 0001-1500 deployed BEFORE Winter_2023 ASSUMED w/ "EGBI0” prefix
A10: 4970 | B10: B10105 | C10: OYALA | G10: =$I10&$M10 -> [1A]BI10105 | H10: {=_xlfn.TEXTJOIN("",,MID(J10,MIN(SEARCH({0,1,2,3,4,5,6,7,8,9},J10&"0123456789")),99))} -> 10105 | I10: [1A]BI | J10: =K10&M10 -> BI10105 | K10: BI | L10: B | M10: 10105 | N10: Nums 10101-10200 size 1A w/ “[1A]BI” prefix deployed as "N" from Winter_2019 until Winter_2024 to distinguish w/ overlapping string of 1B rings.
A11: 5322 | B11: B10105 | C11: OYALA | G11: =$I11&$M11 -> [1A]BI10105 | H11: {=_xlfn.TEXTJOIN("",,MID(J11,MIN(SEARCH({0,1,2,3,4,5,6,7,8,9},J11&"0123456789")),99))} -> 10105 | I11: [1A]BI | J11: =K11&M11 -> BI10105 | K11: BI | L11: B | M11: 10105 | N11: Nums 10101-10200 size 1A w/ “[1A]BI” prefix deployed as "N" from Winter_2019 until Winter_2024 to distinguish w/ overlapping string of 1B rings.
A12: 726 | B12: 2441 | C12: OYALA | D12: =E12&H12 -> EGBI02441 | E12: EGBI | F12: =captureData!#REF!&"_"&D12 -> #REF! | G12: =$I12&$M12 -> EGBI02441 | H12: {=_xlfn.TEXTJOIN("",,MID(G12,MIN(SEARCH({0,1,2,3,4,5,6,7,8,9},G12&"0123456789")),99))} -> 02441 | I12: EGBI0 | J12: =K12&M12 -> EGBI02441 | K12: EGBI0 | M12: 2441 | N12: Nums 2001-2500 size 1A w/ “EGBI0” prefix (no overlap with other strings)
A13: 691 | B13: 2441 | C13: OYALA | F13: =captureData!#REF!&"_"&D13 -> #REF! | G13: =$I13&$M13 -> EGBI02441 | H13: {=_xlfn.TEXTJOIN("",,MID(G13,MIN(SEARCH({0,1,2,3,4,5,6,7,8,9},G13&"0123456789")),99))} -> 02441 | I13: EGBI0 | J13: =K13&M13 -> EGBI02441 | K13: EGBI0 | M13: 2441 | N13: Nums 2001-2500 size 1A w/ “EGBI0” prefix (no overlap with other strings)
A14: 563 | B14: 2483 | C14: BIOKO | D14: =E14&H14 -> BI02483 | E14: BI | F14: =captureData!#REF!&"_"&D14 -> #REF! | G14: =$I14&$M14 -> EGBI02483 | H14: {=_xlfn.TEXTJOIN("",,MID(G14,MIN(SEARCH({0,1,2,3,4,5,6,7,8,9},G14&"0123456789")),99))} -> 02483 | I14: EGBI0 | J14: =K14&M14 -> EGBI02483 | K14: EGBI0 | M14: 2483 | N14: Nums 2001-2500 size 1A w/ “EGBI0” prefix (no overlap with other strings)
A15: 4436 | B15: B10108 | C15: OYALA | G15: =$I15&$M15 -> [1A]BI10108 | H15: {=_xlfn.TEXTJOIN("",,MID(J15,MIN(SEARCH({0,1,2,3,4,5,6,7,8,9},J15&"0123456789")),99))} -> 10108 | I15: [1A]BI | J15: =K15&M15 -> BI10108 | K15: BI | L15: B | M15: 10108 | N15: Nums 10101-10200 size 1A w/ “[1A]BI” prefix deployed as "N" from Winter_2019 until Winter_2024 to distinguish w/ overlapping string of 1B rings.
A16: 3184 | B16: B10101 | C16: OYALA | D16: =E16&H16 -> BI10101 | E16: BI | F16: =captureData!#REF!&"_"&D16 -> #REF! | G16: =$I16&$M16 -> [1A]BI10101 | H16: {=_xlfn.TEXTJOIN("",,MID(J16,MIN(SEARCH({0,1,2,3,4,5,6,7,8,9},J16&"0123456789")),99))} -> 10101 | I16: [1A]BI | J16: =K16&M16 -> BI10101 | K16: BI | L16: B | M16: 10101 | N16: Nums 10101-10200 size 1A w/ “[1A]BI” prefix deployed as "N" from Winter_2019 until Winter_2024 to distinguish w/ overlapping string of 1B rings.
A17: 5814 | B17: B10109 | C17: OYALA | G17: =$I17&$M17 -> [1A]BI10109 | H17: {=_xlfn.TEXTJOIN("",,MID(J17,MIN(SEARCH({0,1,2,3,4,5,6,7,8,9},J17&"0123456789")),99))} -> 10109 | I17: [1A]BI | J17: =K17&M17 -> BI10109 | K17: BI | L17: B | M17: 10109 | N17: Nums 10101-10200 size 1A w/ “[1A]BI” prefix deployed as "N" from Winter_2019 until Winter_2024 to distinguish w/ overlapping string of 1B rings.
A18: 6425 | B18: B10109 | C18: OYALA | G18: =$I18&$M18 -> [1A]BI10109 | H18: {=_xlfn.TEXTJOIN("",,MID(J18,MIN(SEARCH({0,1,2,3,4,5,6,7,8,9},J18&"0123456789")),99))} -> 10109 | I18: [1A]BI | J18: =K18&M18 -> BI10109 | K18: BI | L18: B | M18: 10109 | N18: Nums 10101-10200 size 1A w/ “[1A]BI” prefix deployed as "N" from Winter_2019 until Winter_2024 to distinguish w/ overlapping string of 1B rings.
A19: 4761 | B19: B10109 | C19: OYALA | G19: =$I19&$M19 -> [1A]BI10109 | H19: {=_xlfn.TEXTJOIN("",,MID(J19,MIN(SEARCH({0,1,2,3,4,5,6,7,8,9},J19&"0123456789")),99))} -> 10109 | I19: [1A]BI | J19: =K19&M19 -> BI10109 | K19: BI | L19: B | M19: 10109 | N19: Nums 10101-10200 size 1A w/ “[1A]BI” prefix deployed as "N" from Winter_2019 until Winter_2024 to distinguish w/ overlapping string of 1B rings.
A20: 4542 | B20: B10110 | C20: OYALA | G20: =$I20&$M20 -> [1A]BI10110 | H20: 10111 | I20: [1A]BI | J20: =K20&M20 -> BI10110 | K20: BI | L20: B | M20: 10110 | N20: Nums 10101-10200 size 1A w/ “[1A]BI” prefix deployed as "N" from Winter_2019 until Winter_2024 to distinguish w/ overlapping string of 1B rings.
A21: 5969 | B21: B10111 | C21: OYALA | G21: =$I21&$M21 -> [1A]BI10111 | H21: 10111 | I21: [1A]BI | L21: B | M21: 10111 | N21: Nums 10101-10200 size 1A w/ “[1A]BI” prefix deployed as "N" from Winter_2019 until Winter_2024 to distinguish w/ overlapping string of 1B rings.
A22: 3637 | B22: B10111 | C22: OYALA | F22: [1A]BI10111 | G22: =$I22&$M22 -> [1A]BI10111 | H22: 10111 | I22: [1A]BI | L22: B | M22: 10111 | N22: Nums 10101-10200 size 1A w/ “[1A]BI” prefix deployed as "N" from Winter_2019 until Winter_2024 to distinguish w/ overlapping string of 1B rings.
A23: 632 | B23: 2487 | C23: BIOKO | D23: =E23&H23 -> BI02487 | E23: BI | F23: =captureData!#REF!&"_"&D23 -> #REF! | G23: =$I23&$M23 -> EGBI02487 | H23: {=_xlfn.TEXTJOIN("",,MID(G23,MIN(SEARCH({0,1,2,3,4,5,6,7,8,9},G23&"0123456789")),99))} -> 02487 | I23: EGBI0 | J23: =K23&M23 -> EGBI02487 | K23: EGBI0 | M23: 2487 | N23: Nums 2001-2500 size 1A w/ “EGBI0” prefix (no overlap with other strings)
A24: 3662 | B24: B10112 | C24: OYALA | D24: =E24&H24 -> BI10112 | E24: BI | F24: =captureData!#REF!&"_"&D24 -> #REF! | G24: =$I24&$M24 -> [1A]BI10112 | H24: {=_xlfn.TEXTJOIN("",,MID(J24,MIN(SEARCH({0,1,2,3,4,5,6,7,8,9},J24&"0123456789")),99))} -> 10112 | I24: [1A]BI | J24: =K24&M24 -> BI10112 | K24: BI | L24: B | M24: 10112 | N24: Nums 10101-10200 size 1A w/ “[1A]BI” prefix deployed as "N" from Winter_2019 until Winter_2024 to distinguish w/ overlapping string of 1B rings.
A25: 4244 | B25: B10113 | C25: OYALA | G25: =$I25&$M25 -> [1A]BI10113 | H25: {=_xlfn.TEXTJOIN("",,MID(J25,MIN(SEARCH({0,1,2,3,4,5,6,7,8,9},J25&"0123456789")),99))} -> 10113 | I25: [1A]BI | J25: =K25&M25 -> BI10113 | K25: BI | L25: B | M25: 10113 | N25: Nums 10101-10200 size 1A w/ “[1A]BI” prefix deployed as "N" from Winter_2019 until Winter_2024 to distinguish w/ overlapping string of 1B rings.
A26: 4396 | B26: B10113 | C26: OYALA | G26: =$I26&$M26 -> [1A]BI10113 | H26: {=_xlfn.TEXTJOIN("",,MID(J26,MIN(SEARCH({0,1,2,3,4,5,6,7,8,9},J26&"0123456789")),99))} -> 10113 | I26: [1A]BI | J26: =K26&M26 -> BI10113 | K26: BI | L26: B | M26: 10113 | N26: Nums 10101-10200 size 1A w/ “[1A]BI” prefix deployed as "N" from Winter_2019 until Winter_2024 to distinguish w/ overlapping string of 1B rings.
A27: 4475 | B27: B10113 | C27: OYALA | G27: =$I27&$M27 -> [1A]BI10113 | H27: {=_xlfn.TEXTJOIN("",,MID(J27,MIN(SEARCH({0,1,2,3,4,5,6,7,8,9},J27&"0123456789")),99))} -> 10113 | I27: [1A]BI | J27: =K27&M27 -> BI10113 | K27: BI | L27: B | M27: 10113 | N27: Nums 10101-10200 size 1A w/ “[1A]BI” prefix deployed as "N" from Winter_2019 until Winter_2024 to distinguish w/ overlapping string of 1B rings.
A28: 4522 | B28: B10113 | C28: OYALA | G28: =$I28&$M28 -> [1A]BI10113 | H28: {=_xlfn.TEXTJOIN("",,MID(J28,MIN(SEARCH({0,1,2,3,4,5,6,7,8,9},J28&"0123456789")),99))} -> 10113 | I28: [1A]BI | J28: =K28&M28 -> BI10113 | K28: BI | L28: B | M28: 10113 | N28: Nums 10101-10200 size 1A w/ “[1A]BI” prefix deployed as "N" from Winter_2019 until Winter_2024 to distinguish w/ overlapping string of 1B rings.
A29: 5995 | B29: B10113 | C29: OYALA | G29: =$I29&$M29 -> [1A]BI10113 | H29: {=_xlfn.TEXTJOIN("",,MID(J29,MIN(SEARCH({0,1,2,3,4,5,6,7,8,9},J29&"0123456789")),99))} -> 10113 | I29: [1A]BI | J29: =K29&M29 -> BI10113 | K29: BI | L29: B | M29: 10113 | N29: Nums 10101-10200 size 1A w/ “[1A]BI” prefix deployed as "N" from Winter_2019 until Winter_2024 to distinguish w/ overlapping string of 1B rings.
A30: 3166 | B30: B10113 | C30: OYALA | D30: =E30&H30 -> BI10113 | E30: BI | F30: =captureData!#REF!&"_"&D30 -> #REF! | G30: =$I30&$M30 -> [1A]BI10113 | H30: {=_xlfn.TEXTJOIN("",,MID(J30,MIN(SEARCH({0,1,2,3,4,5,6,7,8,9},J30&"0123456789")),99))} -> 10113 | I30: [1A]BI | J30: =K30&M30 -> BI10113 | K30: BI | L30: B | M30: 10113 | N30: Nums 10101-10200 size 1A w/ “[1A]BI” prefix deployed as "N" from Winter_2019 until Winter_2024 to distinguish w/ overlapping string of 1B rings.
A31: 3575 | B31: B10114 | C31: OYALA | D31: =E31&H31 -> BI10114 | E31: BI | F31: =captureData!#REF!&"_"&D31 -> #REF! | G31: =$I31&$M31 -> [1A]BI10114 | H31: {=_xlfn.TEXTJOIN("",,MID(J31,MIN(SEARCH({0,1,2,3,4,5,6,7,8,9},J31&"0123456789")),99))} -> 10114 | I31: [1A]BI | J31: =K31&M31 -> BI10114 | K31: BI | L31: B | M31: 10114 | N31: Nums 10101-10200 size 1A w/ “[1A]BI” prefix deployed as "N" from Winter_2019 until Winter_2024 to distinguish w/ overlapping string of 1B rings.
A32: 3200 | B32: B10115 | C32: OYALA | D32: =E32&H32 -> BI10115 | E32: BI | F32: =captureData!#REF!&"_"&D32 -> #REF! | G32: =$I32&$M32 -> [1A]BI10115 | H32: {=_xlfn.TEXTJOIN("",,MID(J32,MIN(SEARCH({0,1,2,3,4,5,6,7,8,9},J32&"0123456789")),99))} -> 10115 | I32: [1A]BI | J32: =K32&M32 -> BI10115 | K32: BI | L32: B | M32: 10115 | N32: Nums 10101-10200 size 1A w/ “[1A]BI” prefix deployed as "N" from Winter_2019 until Winter_2024 to distinguish w/ overlapping string of 1B rings.
A33: 3536 | B33: B10115 | C33: OYALA | G33: =$I33&$M33 -> [1A]BI10115 | H33: {=_xlfn.TEXTJOIN("",,MID(J33,MIN(SEARCH({0,1,2,3,4,5,6,7,8,9},J33&"0123456789")),99))} -> 10115 | I33: [1A]BI | J33: =K33&M33 -> BI10115 | K33: BI | L33: B | M33: 10115 | N33: Nums 10101-10200 size 1A w/ “[1A]BI” prefix deployed as "N" from Winter_2019 until Winter_2024 to distinguish w/ overlapping string of 1B rings.
A34: 4082 | B34: B10115 | C34: OYALA | G34: =$I34&$M34 -> [1A]BI10115 | H34: {=_xlfn.TEXTJOIN("",,MID(J34,MIN(SEARCH({0,1,2,3,4,5,6,7,8,9},J34&"0123456789")),99))} -> 10115 | I34: [1A]BI | J34: =K34&M34 -> BI10115 | K34: BI | L34: B | M34: 10115 | N34: Nums 10101-10200 size 1A w/ “[1A]BI” prefix deployed as "N" from Winter_2019 until Winter_2024 to distinguish w/ overlapping string of 1B rings.
A35: 4189 | B35: B10116 | C35: OYALA | G35: =$I35&$M35 -> [1A]BI10116 | H35: {=_xlfn.TEXTJOIN("",,MID(J35,MIN(SEARCH({0,1,2,3,4,5,6,7,8,9},J35&"0123456789")),99))} -> 10116 | I35: [1A]BI | J35: =K35&M35 -> BI10116 | K35: BI | L35: B | M35: 10116 | N35: Nums 10101-10200 size 1A w/ “[1A]BI” prefix deployed as "N" from Winter_2019 until Winter_2024 to distinguish w/ overlapping string of 1B rings.
A36: 4289 | B36: B10116 | C36: OYALA | G36: =$I36&$M36 -> [1A]BI10116 | H36: {=_xlfn.TEXTJOIN("",,MID(J36,MIN(SEARCH({0,1,2,3,4,5,6,7,8,9},J36&"0123456789")),99))} -> 10116 | I36: [1A]BI | J36: =K36&M36 -> BI10116 | K36: BI | L36: B | M36: 10116 | N36: Nums 10101-10200 size 1A w/ “[1A]BI” prefix deployed as "N" from Winter_2019 until Winter_2024 to distinguish w/ overlapping string of 1B rings.
A37: 4524 | B37: B10116 | C37: OYALA | G37: =$I37&$M37 -> [1A]BI10116 | H37: {=_xlfn.TEXTJOIN("",,MID(J37,MIN(SEARCH({0,1,2,3,4,5,6,7,8,9},J37&"0123456789")),99))} -> 10116 | I37: [1A]BI | J37: =K37&M37 -> BI10116 | K37: BI | L37: B | M37: 10116 | N37: Nums 10101-10200 size 1A w/ “[1A]BI” prefix deployed as "N" from Winter_2019 until Winter_2024 to distinguish w/ overlapping string of 1B rings.
A38: 4629 | B38: B10116 | C38: OYALA | G38: =$I38&$M38 -> [1A]BI10116 | H38: {=_xlfn.TEXTJOIN("",,MID(J38,MIN(SEARCH({0,1,2,3,4,5,6,7,8,9},J38&"0123456789")),99))} -> 10116 | I38: [1A]BI | J38: =K38&M38 -> BI10116 | K38: BI | L38: B | M38: 10116 | N38: Nums 10101-10200 size 1A w/ “[1A]BI” prefix deployed as "N" from Winter_2019 until Winter_2024 to distinguish w/ overlapping string of 1B rings.
A39: 5626 | B39: B10116 | C39: OYALA | G39: =$I39&$M39 -> [1A]BI10116 | H39: {=_xlfn.TEXTJOIN("",,MID(J39,MIN(SEARCH({0,1,2,3,4,5,6,7,8,9},J39&"0123456789")),99))} -> 10116 | I39: [1A]BI | J39: =K39&M39 -> BI10116 | K39: BI | L39: B | M39: 10116 | N39: Nums 10101-10200 size 1A w/ “[1A]BI” prefix deployed as "N" from Winter_2019 until Winter_2024 to distinguish w/ overlapping string of 1B rings.
A40: 5949 | B40: B10116 | C40: OYALA | G40: =$I40&$M40 -> [1A]BI10116 | H40: {=_xlfn.TEXTJOIN("",,MID(J40,MIN(SEARCH({0,1,2,3,4,5,6,7,8,9},J40&"0123456789")),99))} -> 10116 | I40: [1A]BI | J40: =K40&M40 -> BI10116 | K40: BI | L40: B | M40: 10116 | N40: Nums 10101-10200 size 1A w/ “[1A]BI” prefix deployed as "N" from Winter_2019 until Winter_2024 to distinguish w/ overlapping string of 1B rings.
A41: 6204 | B41: B10116 | C41: OYALA | G41: =$I41&$M41 -> [1A]BI10116 | H41: {=_xlfn.TEXTJOIN("",,MID(J41,MIN(SEARCH({0,1,2,3,4,5,6,7,8,9},J41&"0123456789")),99))} -> 10116 | I41: [1A]BI | J41: =K41&M41 -> BI10116 | K41: BI | L41: B | M41: 10116 | N41: Nums 10101-10200 size 1A w/ “[1A]BI” prefix deployed as "N" from Winter_2019 until Winter_2024 to distinguish w/ overlapping string of 1B rings.
A42: 6317 | B42: B10116 | C42: OYALA | G42: =$I42&$M42 -> [1A]BI10116 | H42: {=_xlfn.TEXTJOIN("",,MID(J42,MIN(SEARCH({0,1,2,3,4,5,6,7,8,9},J42&"0123456789")),99))} -> 10116 | I42: [1A]BI | J42: =K42&M42 -> BI10116 | K42: BI | L42: B | M42: 10116 | N42: Nums 10101-10200 size 1A w/ “[1A]BI” prefix deployed as "N" from Winter_2019 until Winter_2024 to distinguish w/ overlapping string of 1B rings.
A43: 6320 | B43: B10116 | C43: OYALA | G43: =$I43&$M43 -> [1A]BI10116 | H43: {=_xlfn.TEXTJOIN("",,MID(J43,MIN(SEARCH({0,1,2,3,4,5,6,7,8,9},J43&"0123456789")),99))} -> 10116 | I43: [1A]BI | J43: =K43&M43 -> BI10116 | K43: BI | L43: B | M43: 10116 | N43: Nums 10101-10200 size 1A w/ “[1A]BI” prefix deployed as "N" from Winter_2019 until Winter_2024 to distinguish w/ overlapping string of 1B rings.
A44: 6332 | B44: B10116 | C44: OYALA | G44: =$I44&$M44 -> [1A]BI10116 | H44: {=_xlfn.TEXTJOIN("",,MID(J44,MIN(SEARCH({0,1,2,3,4,5,6,7,8,9},J44&"0123456789")),99))} -> 10116 | I44: [1A]BI | J44: =K44&M44 -> BI10116 | K44: BI | L44: B | M44: 10116 | N44: Nums 10101-10200 size 1A w/ “[1A]BI” prefix deployed as "N" from Winter_2019 until Winter_2024 to distinguish w/ overlapping string of 1B rings.
A45: 633 | B45: 2488 | C45: BIOKO | D45: =E45&H45 -> BI02488 | E45: BI | F45: =captureData!#REF!&"_"&D45 -> #REF! | G45: =$I45&$M45 -> EGBI02488 | H45: {=_xlfn.TEXTJOIN("",,MID(G45,MIN(SEARCH({0,1,2,3,4,5,6,7,8,9},G45&"0123456789")),99))} -> 02488 | I45: EGBI0 | J45: =K45&M45 -> EGBI02488 | K45: EGBI0 | M45: 2488 | N45: Nums 2001-2500 size 1A w/ “EGBI0” prefix (no overlap with other strings)
A46: 4758 | B46: B10116 | C46: OYALA | G46: =$I46&$M46 -> [1A]BI10116 | H46: {=_xlfn.TEXTJOIN("",,MID(J46,MIN(SEARCH({0,1,2,3,4,5,6,7,8,9},J46&"0123456789")),99))} -> 10116 | I46: [1A]BI | J46: =K46&M46 -> BI10116 | K46: BI | L46: B | M46: 10116 | N46: Nums 10101-10200 size 1A w/ “[1A]BI” prefix deployed as "N" from Winter_2019 until Winter_2024 to distinguish w/ overlapping string of 1B rings.
A47: 4608 | B47: B10116 | C47: OYALA | G47: =$I47&$M47 -> [1A]BI10116 | H47: {=_xlfn.TEXTJOIN("",,MID(J47,MIN(SEARCH({0,1,2,3,4,5,6,7,8,9},J47&"0123456789")),99))} -> 10116 | I47: [1A]BI | J47: =K47&M47 -> BI10116 | K47: BI | L47: B | M47: 10116 | N47: Nums 10101-10200 size 1A w/ “[1A]BI” prefix deployed as "N" from Winter_2019 until Winter_2024 to distinguish w/ overlapping string of 1B rings.
A48: 4611 | B48: B10116 | C48: OYALA | G48: =$I48&$M48 -> [1A]BI10116 | H48: {=_xlfn.TEXTJOIN("",,MID(J48,MIN(SEARCH({0,1,2,3,4,5,6,7,8,9},J48&"0123456789")),99))} -> 10116 | I48: [1A]BI | J48: =K48&M48 -> BI10116 | K48: BI | L48: B | M48: 10116 | N48: Nums 10101-10200 size 1A w/ “[1A]BI” prefix deployed as "N" from Winter_2019 until Winter_2024 to distinguish w/ overlapping string of 1B rings.
A49: 4734 | B49: B10116 | C49: OYALA | G49: =$I49&$M49 -> [1A]BI10116 | H49: {=_xlfn.TEXTJOIN("",,MID(J49,MIN(SEARCH({0,1,2,3,4,5,6,7,8,9},J49&"0123456789")),99))} -> 10116 | I49: [1A]BI | J49: =K49&M49 -> BI10116 | K49: BI | L49: B | M49: 10116 | N49: Nums 10101-10200 size 1A w/ “[1A]BI” prefix deployed as "N" from Winter_2019 until Winter_2024 to distinguish w/ overlapping string of 1B rings.
A50: 4461 | B50: B10017 | C50: OYALA | G50: =$I50&$M50 -> [1A]BI10117 | H50: {=_xlfn.TEXTJOIN("",,MID(J50,MIN(SEARCH({0,1,2,3,4,5,6,7,8,9},J50&"0123456789")),99))} -> 10117 | I50: [1A]BI | J50: =K50&M50 -> BI10117 | K50: BI | L50: B | M50: 10117 | N50: Nums 10101-10200 size 1A w/ “[1A]BI” prefix deployed as "N" from Winter_2019 until Winter_2024 to distinguish w/ overlapping string of 1B rings.
A51: 1782 | B51: 5575 | C51: OYALA | D51: =E51&H51 -> BI05575 | E51: BI | F51: =captureData!#REF!&"_"&D51 -> #REF! | G51: =$I51&$M51 -> BI05575 | H51: {=_xlfn.TEXTJOIN("",,MID(G51,MIN(SEARCH({0,1,2,3,4,5,6,7,8,9},G51&"0123456789")),99))} -> 05575 | I51: BI0 | J51: =K51&M51 -> BI05575 | K51: BI0 | M51: 5575 | N51: Nums 5201-5800 size 1A w/ “BI0” prefix (no overlap with other strings)
A52: 3295 | B52: B10117 | C52: OYALA | G52: =$I52&$M52 -> [1A]BI10117 | H52: {=_xlfn.TEXTJOIN("",,MID(J52,MIN(SEARCH({0,1,2,3,4,5,6,7,8,9},J52&"0123456789")),99))} -> 10117 | I52: [1A]BI | J52: =K52&M52 -> BI10117 | K52: BI | L52: B | M52: 10117 | N52: Nums 10101-10200 size 1A w/ “[1A]BI” prefix deployed as "N" from Winter_2019 until Winter_2024 to distinguish w/ overlapping string of 1B rings.
A53: 5354 | B53: B10118 | C53: OYALA | G53: =$I53&$M53 -> [1A]BI10118 | H53: {=_xlfn.TEXTJOIN("",,MID(J53,MIN(SEARCH({0,1,2,3,4,5,6,7,8,9},J53&"0123456789")),99))} -> 10118 | I53: [1A]BI | J53: =K53&M53 -> BI10118 | K53: BI | L53: B | M53: 10118 | N53: Nums 10101-10200 size 1A w/ “[1A]BI” prefix deployed as "N" from Winter_2019 until Winter_2024 to distinguish w/ overlapping string of 1B rings.
A54: 4900 | B54: 5575 | C54: OYALA | F54: BI05575 | G54: =$H54&$L54 -> BI05575 | H54: {=_xlfn.TEXTJOIN("",,MID(G54,MIN(SEARCH({0,1,2,3,4,5,6,7,8,9},G54&"0123456789")),99))} -> 05575 | I54: BI0 | J54: =K54&M54 -> BI05575 | K54: BI0 | M54: 5575 | N54: Nums 5201-5800 size 1A w/ “BI0” prefix (no overlap with other strings)
A55: 2274 | B55: 7950 | C55: OYALA | D55: =E55&H55 -> BI7950 | E55: BI | F55: =captureData!#REF!&"_"&D55 -> #REF! | G55: =$I55&$M55 -> BI7950 | H55: {=_xlfn.TEXTJOIN("",,MID(G55,MIN(SEARCH({0,1,2,3,4,5,6,7,8,9},G55&"0123456789")),99))} -> 7950 | I55: BI | J55: =K55&M55 -> BI7950 | K55: BI | M55: 7950 | N55: Nums 7901-8500 size 0A w/ “BI” prefix (no overlap with other strings)
A56: 4154 | B56: B10120 | C56: OYALA | G56: =$I56&$M56 -> [1A]BI10120 | H56: {=_xlfn.TEXTJOIN("",,MID(J56,MIN(SEARCH({0,1,2,3,4,5,6,7,8,9},J56&"0123456789")),99))} -> 10120 | I56: [1A]BI | J56: =K56&M56 -> BI10120 | K56: BI | L56: B | M56: 10120 | N56: Nums 10101-10200 size 1A w/ “[1A]BI” prefix deployed as "N" from Winter_2019 until Winter_2024 to distinguish w/ overlapping string of 1B rings.
A57: 4155 | B57: B10120 | C57: OYALA | G57: =$I57&$M57 -> [1A]BI10120 | H57: {=_xlfn.TEXTJOIN("",,MID(J57,MIN(SEARCH({0,1,2,3,4,5,6,7,8,9},J57&"0123456789")),99))} -> 10120 | I57: [1A]BI | J57: =K57&M57 -> BI10120 | K57: BI | L57: B | M57: 10120 | N57: Nums 10101-10200 size 1A w/ “[1A]BI” prefix deployed as "N" from Winter_2019 until Winter_2024 to distinguish w/ overlapping string of 1B rings.
A58: 4173 | B58: B10120 | C58: OYALA | G58: =$I58&$M58 -> [1A]BI10120 | H58: {=_xlfn.TEXTJOIN("",,MID(J58,MIN(SEARCH({0,1,2,3,4,5,6,7,8,9},J58&"0123456789")),99))} -> 10120 | I58: [1A]BI | J58: =K58&M58 -> BI10120 | K58: BI | L58: B | M58: 10120 | N58: Nums 10101-10200 size 1A w/ “[1A]BI” prefix deployed as "N" from Winter_2019 until Winter_2024 to distinguish w/ overlapping string of 1B rings.
A59: 4415 | B59: B10120 | C59: OYALA | G59: =$I59&$M59 -> [1A]BI10120 | H59: {=_xlfn.TEXTJOIN("",,MID(J59,MIN(SEARCH({0,1,2,3,4,5,6,7,8,9},J59&"0123456789")),99))} -> 10120 | I59: [1A]BI | J59: =K59&M59 -> BI10120 | K59: BI | L59: B | M59: 10120 | N59: Nums 10101-10200 size 1A w/ “[1A]BI” prefix deployed as "N" from Winter_2019 until Winter_2024 to distinguish w/ overlapping string of 1B rings.
A60: 4505 | B60: B10120 | C60: OYALA | G60: =$I60&$M60 -> [1A]BI10120 | H60: {=_xlfn.TEXTJOIN("",,MID(J60,MIN(SEARCH({0,1,2,3,4,5,6,7,8,9},J60&"0123456789")),99))} -> 10120 | I60: [1A]BI | J60: =K60&M60 -> BI10120 | K60: BI | L60: B | M60: 10120 | N60: Nums 10101-10200 size 1A w/ “[1A]BI” prefix deployed as "N" from Winter_2019 until Winter_2024 to distinguish w/ overlapping string of 1B rings.
A61: 4506 | B61: B10120 | C61: OYALA | G61: =$I61&$M61 -> [1A]BI10120 | H61: {=_xlfn.TEXTJOIN("",,MID(J61,MIN(SEARCH({0,1,2,3,4,5,6,7,8,9},J61&"0123456789")),99))} -> 10120 | I61: [1A]BI | J61: =K61&M61 -> BI10120 | K61: BI | L61: B | M61: 10120 | N61: Nums 10101-10200 size 1A w/ “[1A]BI” prefix deployed as "N" from Winter_2019 until Winter_2024 to distinguish w/ overlapping string of 1B rings.
A62: 4716 | B62: B10120 | C62: OYALA | G62: =$I62&$M62 -> [1A]BI10120 | H62: {=_xlfn.TEXTJOIN("",,MID(J62,MIN(SEARCH({0,1,2,3,4,5,6,7,8,9},J62&"0123456789")),99))} -> 10120 | I62: [1A]BI | J62: =K62&M62 -> BI10120 | K62: BI | L62: B | M62: 10120 | N62: Nums 10101-10200 size 1A w/ “[1A]BI” prefix deployed as "N" from Winter_2019 until Winter_2024 to distinguish w/ overlapping string of 1B rings.
A63: 4797 | B63: B10120 | C63: OYALA | G63: =$I63&$M63 -> [1A]BI10120 | H63: {=_xlfn.TEXTJOIN("",,MID(J63,MIN(SEARCH({0,1,2,3,4,5,6,7,8,9},J63&"0123456789")),99))} -> 10120 | I63: [1A]BI | J63: =K63&M63 -> BI10120 | K63: BI | L63: B | M63: 10120 | N63: Nums 10101-10200 size 1A w/ “[1A]BI” prefix deployed as "N" from Winter_2019 until Winter_2024 to distinguish w/ overlapping string of 1B rings.
A64: 2200 | B64: 9501 | C64: OYALA | D64: =E64&H64 -> BI9501 | E64: BI | F64: =captureData!#REF!&"_"&D64 -> #REF! | G64: =$I64&$M64 -> BI9501 | H64: {=_xlfn.TEXTJOIN("",,MID(G64,MIN(SEARCH({0,1,2,3,4,5,6,7,8,9},G64&"0123456789")),99))} -> 9501 | I64: BI | J64: =K64&M64 -> BI9501 | K64: BI | M64: 9501 | N64: Nums 9100-9700 size 1B deployed BEFORE 2022 w/ "BI" prefix (no overlap with "XBI")
A65: 2279 | B65: 9591 | C65: OYALA | D65: =E65&H65 -> BI9591 | E65: BI | F65: =captureData!#REF!&"_"&D65 -> #REF! | G65: =$I65&$M65 -> BI9591 | H65: {=_xlfn.TEXTJOIN("",,MID(G65,MIN(SEARCH({0,1,2,3,4,5,6,7,8,9},G65&"0123456789")),99))} -> 9591 | I65: BI | J65: =K65&M65 -> BI9591 | K65: BI | M65: 9591 | N65: Nums 9100-9700 size 1B deployed BEFORE 2022 w/ "BI" prefix (no overlap with "XBI")
A66: 5064 | B66: B10101 | C66: OYALA | D66: =E66&H66 -> BI10101 | E66: BI | F66: =captureData!#REF!&"_"&D66 -> #REF! | G66: =$I66&$M66 -> [1B]BI10101 | H66: {=_xlfn.TEXTJOIN("",,MID(J66,MIN(SEARCH({0,1,2,3,4,5,6,7,8,9},J66&"0123456789")),99))} -> 10101 | I66: [1B]BI | J66: =K66&M66 -> BI10101 | K66: BI | L66: B | M66: 10101 | N66: Nums 10101-10200 size 1B w/ “[1B]BI” prefix deployed as “N” from JULY_2024 through Winter_2025 to distinguish w/ overlapping string of 1A rings.
A67: 3195 | B67: B10102 | C67: OYALA | D67: =E67&H67 -> BI10102 | E67: BI | F67: =captureData!#REF!&"_"&D67 -> #REF! | G67: =$I67&$M67 -> [1A]BI10102 | H67: {=_xlfn.TEXTJOIN("",,MID(J67,MIN(SEARCH({0,1,2,3,4,5,6,7,8,9},J67&"0123456789")),99))} -> 10102 | I67: [1A]BI | J67: =K67&M67 -> BI10102 | K67: BI | L67: B | M67: 10102 | N67: Nums 10101-10200 size 1A w/ “[1A]BI” prefix deployed as "N" from Winter_2019 until Winter_2024 to distinguish w/ overlapping string of 1B rings.
A68: 5068 | B68: B10102 | C68: OYALA | D68: =E68&H68 -> BI10102 | E68: BI | F68: =captureData!#REF!&"_"&D68 -> #REF! | G68: =$I68&$M68 -> [1B]BI10102 | H68: {=_xlfn.TEXTJOIN("",,MID(J68,MIN(SEARCH({0,1,2,3,4,5,6,7,8,9},J68&"0123456789")),99))} -> 10102 | I68: [1B]BI | J68: =K68&M68 -> BI10102 | K68: BI | L68: B | M68: 10102 | N68: Nums 10101-10200 size 1B w/ “[1B]BI” prefix deployed as “N” from JULY_2024 through Winter_2025 to distinguish w/ overlapping string of 1A rings.
A69: 3583 | B69: B10103 | C69: OYALA | D69: =E69&H69 -> BI10103 | E69: BI | F69: =captureData!#REF!&"_"&D69 -> #REF! | G69: =$I69&$M69 -> [1A]BI10103 | H69: {=_xlfn.TEXTJOIN("",,MID(J69,MIN(SEARCH({0,1,2,3,4,5,6,7,8,9},J69&"0123456789")),99))} -> 10103 | I69: [1A]BI | J69: =K69&M69 -> BI10103 | K69: BI | L69: B | M69: 10103 | N69: Nums 10101-10200 size 1A w/ “[1A]BI” prefix deployed as "N" from Winter_2019 until Winter_2024 to distinguish w/ overlapping string of 1B rings.
A70: 5053 | B70: B10103 | C70: OYALA | D70: =E70&H70 -> BI10103 | E70: BI | F70: =captureData!#REF!&"_"&D70 -> #REF! | G70: =$I70&$M70 -> [1B]BI10103 | H70: {=_xlfn.TEXTJOIN("",,MID(J70,MIN(SEARCH({0,1,2,3,4,5,6,7,8,9},J70&"0123456789")),99))} -> 10103 | I70: [1B]BI | J70: =K70&M70 -> BI10103 | K70: BI | L70: B | M70: 10103 | N70: Nums 10101-10200 size 1B w/ “[1B]BI” prefix deployed as “N” from JULY_2024 through Winter_2025 to distinguish w/ overlapping string of 1A rings.
A71: 3587 | B71: B10104 | C71: OYALA | D71: =E71&H71 -> BI10104 | E71: BI | F71: =captureData!#REF!&"_"&D71 -> #REF! | G71: =$I71&$M71 -> [1A]BI10104 | H71: {=_xlfn.TEXTJOIN("",,MID(J71,MIN(SEARCH({0,1,2,3,4,5,6,7,8,9},J71&"0123456789")),99))} -> 10104 | I71: [1A]BI | J71: =K71&M71 -> BI10104 | K71: BI | L71: B | M71: 10104 | N71: Nums 10101-10200 size 1A w/ “[1A]BI” prefix deployed as "N" from Winter_2019 until Winter_2024 to distinguish w/ overlapping string of 1B rings.
A72: 5048 | B72: B10104 | C72: OYALA | D72: =E72&H72 -> BI10104 | E72: BI | F72: =captureData!#REF!&"_"&D72 -> #REF! | G72: =$I72&$M72 -> [1B]BI10104 | H72: {=_xlfn.TEXTJOIN("",,MID(J72,MIN(SEARCH({0,1,2,3,4,5,6,7,8,9},J72&"0123456789")),99))} -> 10104 | I72: [1B]BI | J72: =K72&M72 -> BI10104 | K72: BI | L72: B | M72: 10104 | N72: Nums 10101-10200 size 1B w/ “[1B]BI” prefix deployed as “N” from JULY_2024 through Winter_2025 to distinguish w/ overlapping string of 1A rings.
A73: 3589 | B73: B10105 | C73: OYALA | D73: =E73&H73 -> BI10105 | E73: BI | F73: =captureData!#REF!&"_"&D73 -> #REF! | G73: =$I73&$M73 -> [1A]BI10105 | H73: {=_xlfn.TEXTJOIN("",,MID(J73,MIN(SEARCH({0,1,2,3,4,5,6,7,8,9},J73&"0123456789")),99))} -> 10105 | I73: [1A]BI | J73: =K73&M73 -> BI10105 | K73: BI | L73: B | M73: 10105 | N73: Nums 10101-10200 size 1A w/ “[1A]BI” prefix deployed as "N" from Winter_2019 until Winter_2024 to distinguish w/ overlapping string of 1B rings.
A74: 5059 | B74: B10105 | C74: OYALA | D74: =E74&H74 -> BI10105 | E74: BI | F74: =captureData!#REF!&"_"&D74 -> #REF! | G74: =$I74&$M74 -> [1B]BI10105 | H74: {=_xlfn.TEXTJOIN("",,MID(J74,MIN(SEARCH({0,1,2,3,4,5,6,7,8,9},J74&"0123456789")),99))} -> 10105 | I74: [1B]BI | J74: =K74&M74 -> BI10105 | K74: BI | L74: B | M74: 10105 | N74: Nums 10101-10200 size 1B w/ “[1B]BI” prefix deployed as “N” from JULY_2024 through Winter_2025 to distinguish w/ overlapping string of 1A rings.
A75: 3690 | B75: B10131 | C75: OYALA | D75: =E75&H75 -> BI10131 | E75: BI | F75: =captureData!#REF!&"_"&D75 -> #REF! | G75: =$I75&$M75 -> [1A]BI10131 | H75: {=_xlfn.TEXTJOIN("",,MID(J75,MIN(SEARCH({0,1,2,3,4,5,6,7,8,9},J75&"0123456789")),99))} -> 10131 | I75: [1A]BI | J75: =K75&M75 -> BI10131 | K75: BI | L75: B | M75: 10131 | N75: Nums 10101-10200 size 1A w/ “[1A]BI” prefix deployed as "N" from Winter_2019 until Winter_2024 to distinguish w/ overlapping string of 1B rings.
A76: 3603 | B76: B10106 | C76: OYALA | D76: =E76&H76 -> BI10106 | E76: BI | F76: =captureData!#REF!&"_"&D76 -> #REF! | G76: =$I76&$M76 -> [1A]BI10106 | H76: {=_xlfn.TEXTJOIN("",,MID(J76,MIN(SEARCH({0,1,2,3,4,5,6,7,8,9},J76&"0123456789")),99))} -> 10106 | I76: [1A]BI | J76: =K76&M76 -> BI10106 | K76: BI | L76: B | M76: 10106 | N76: Nums 10101-10200 size 1A w/ “[1A]BI” prefix deployed as "N" from Winter_2019 until Winter_2024 to distinguish w/ overlapping string of 1B rings.
A77: 2037 | B77: 10133 | C77: OYALA | E77: BI | G77: =$I77&$M77 -> [1A]BI10133 | H77: {=_xlfn.TEXTJOIN("",,MID(J77,MIN(SEARCH({0,1,2,3,4,5,6,7,8,9},J77&"0123456789")),99))} -> 10133 | I77: [1A]BI | J77: =K77&M77 -> BI10133 | K77: BI | L77: B | M77: 10133 | N77: Nums 10101-10200 size 1A w/ “[1A]BI” prefix deployed as "N" from Winter_2019 until Winter_2024 to distinguish w/ overlapping string of 1B rings.
A78: 5052 | B78: B10106 | C78: OYALA | D78: =E78&H78 -> BI10106 | E78: BI | F78: =captureData!#REF!&"_"&D78 -> #REF! | G78: =$I78&$M78 -> [1B]BI10106 | H78: {=_xlfn.TEXTJOIN("",,MID(J78,MIN(SEARCH({0,1,2,3,4,5,6,7,8,9},J78&"0123456789")),99))} -> 10106 | I78: [1B]BI | J78: =K78&M78 -> BI10106 | K78: BI | L78: B | M78: 10106 | N78: Nums 10101-10200 size 1B w/ “[1B]BI” prefix deployed as “N” from JULY_2024 through Winter_2025 to distinguish w/ overlapping string of 1A rings.
A79: 3642 | B79: B10107 | C79: OYALA | D79: =E79&H79 -> BI10107 | E79: BI | F79: =captureData!#REF!&"_"&D79 -> #REF! | G79: =$I79&$M79 -> [1A]BI10107 | H79: {=_xlfn.TEXTJOIN("",,MID(J79,MIN(SEARCH({0,1,2,3,4,5,6,7,8,9},J79&"0123456789")),99))} -> 10107 | I79: [1A]BI | J79: =K79&M79 -> BI10107 | K79: BI | L79: B | M79: 10107 | N79: Nums 10101-10200 size 1A w/ “[1A]BI” prefix deployed as "N" from Winter_2019 until Winter_2024 to distinguish w/ overlapping string of 1B rings.
A80: 5063 | B80: B10107 | C80: OYALA | D80: =E80&H80 -> BI10107 | E80: BI | F80: =captureData!#REF!&"_"&D80 -> #REF! | G80: =$I80&$M80 -> [1B]BI10107 | H80: {=_xlfn.TEXTJOIN("",,MID(J80,MIN(SEARCH({0,1,2,3,4,5,6,7,8,9},J80&"0123456789")),99))} -> 10107 | I80: [1B]BI | J80: =K80&M80 -> BI10107 | K80: BI | L80: B | M80: 10107 | N80: Nums 10101-10200 size 1B w/ “[1B]BI” prefix deployed as “N” from JULY_2024 through Winter_2025 to distinguish w/ overlapping string of 1A rings.
A81: 3404 | B81: B10108 | C81: OYALA | D81: =E81&H81 -> BI10108 | E81: BI | F81: =captureData!#REF!&"_"&D81 -> #REF! | G81: =$I81&$M81 -> [1A]BI10108 | H81: {=_xlfn.TEXTJOIN("",,MID(J81,MIN(SEARCH({0,1,2,3,4,5,6,7,8,9},J81&"0123456789")),99))} -> 10108 | I81: [1A]BI | J81: =K81&M81 -> BI10108 | K81: BI | L81: B | M81: 10108 | N81: Nums 10101-10200 size 1A w/ “[1A]BI” prefix deployed as "N" from Winter_2019 until Winter_2024 to distinguish w/ overlapping string of 1B rings.
A82: 3687 | B82: B10136 | C82: OYALA | D82: =E82&H82 -> BI10136 | E82: BI | F82: =captureData!#REF!&"_"&D82 -> #REF! | G82: =$I82&$M82 -> [1A]BI10136 | H82: {=_xlfn.TEXTJOIN("",,MID(J82,MIN(SEARCH({0,1,2,3,4,5,6,7,8,9},J82&"0123456789")),99))} -> 10136 | I82: [1A]BI | J82: =K82&M82 -> BI10136 | K82: BI | L82: B | M82: 10136 | N82: Nums 10101-10200 size 1A w/ “[1A]BI” prefix deployed as "N" from Winter_2019 until Winter_2024 to distinguish w/ overlapping string of 1B rings.
A83: 5085 | B83: B10108 | C83: OYALA | D83: =E83&H83 -> BI10108 | E83: BI | F83: =captureData!#REF!&"_"&D83 -> #REF! | G83: =$I83&$M83 -> [1B]BI10108 | H83: {=_xlfn.TEXTJOIN("",,MID(J83,MIN(SEARCH({0,1,2,3,4,5,6,7,8,9},J83&"0123456789")),99))} -> 10108 | I83: [1B]BI | J83: =K83&M83 -> BI10108 | K83: BI | L83: B | M83: 10108 | N83: Nums 10101-10200 size 1B w/ “[1B]BI” prefix deployed as “N” from JULY_2024 through Winter_2025 to distinguish w/ overlapping string of 1A rings.
A84: 3466 | B84: B10109 | C84: OYALA | D84: =E84&H84 -> BI10109 | E84: BI | F84: =captureData!#REF!&"_"&D84 -> #REF! | G84: =$I84&$M84 -> [1A]BI10109 | H84: {=_xlfn.TEXTJOIN("",,MID(J84,MIN(SEARCH({0,1,2,3,4,5,6,7,8,9},J84&"0123456789")),99))} -> 10109 | I84: [1A]BI | J84: =K84&M84 -> BI10109 | K84: BI | L84: B | M84: 10109 | N84: Nums 10101-10200 size 1A w/ “[1A]BI” prefix deployed as "N" from Winter_2019 until Winter_2024 to distinguish w/ overlapping string of 1B rings.
A85: 4187 | B85: B10138 | C85: OYALA | G85: =$I85&$M85 -> [1A]BI10138 | H85: {=_xlfn.TEXTJOIN("",,MID(J85,MIN(SEARCH({0,1,2,3,4,5,6,7,8,9},J85&"0123456789")),99))} -> 10138 | I85: [1A]BI | J85: =K85&M85 -> BI10138 | K85: BI | L85: B | M85: 10138 | N85: Nums 10101-10200 size 1A w/ “[1A]BI” prefix deployed as "N" from Winter_2019 until Winter_2024 to distinguish w/ overlapping string of 1B rings.
A86: 4903 | B86: B10139 | C86: OYALA | D86: =E86&H86 -> BI10139 | E86: BI | F86: =captureData!#REF!&"_"&D86 -> #REF! | G86: =$I86&$M86 -> [1A]BI10139 | H86: {=_xlfn.TEXTJOIN("",,MID(J86,MIN(SEARCH({0,1,2,3,4,5,6,7,8,9},J86&"0123456789")),99))} -> 10139 | I86: [1A]BI | J86: =K86&M86 -> BI10139 | K86: BI | L86: B | M86: 10139 | N86: Nums 10101-10200 size 1A w/ “[1A]BI” prefix deployed as "N" from Winter_2019 until Winter_2024 to distinguish w/ overlapping string of 1B rings.
A87: 4697 | B87: B10139 | C87: OYALA | G87: =$I87&$M87 -> [1A]BI10139 | H87: {=_xlfn.TEXTJOIN("",,MID(J87,MIN(SEARCH({0,1,2,3,4,5,6,7,8,9},J87&"0123456789")),99))} -> 10139 | I87: [1A]BI | J87: =K87&M87 -> BI10139 | K87: BI | L87: B | M87: 10139 | N87: Nums 10101-10200 size 1A w/ “[1A]BI” prefix deployed as "N" from Winter_2019 until Winter_2024 to distinguish w/ overlapping string of 1B rings.
A88: 6102 | B88: B10139 | C88: OYALA | G88: =$I88&$M88 -> [1A]BI10139 | H88: {=_xlfn.TEXTJOIN("",,MID(J88,MIN(SEARCH({0,1,2,3,4,5,6,7,8,9},J88&"0123456789")),99))} -> 10139 | I88: [1A]BI | J88: =K88&M88 -> BI10139 | K88: BI | L88: B | M88: 10139 | N88: Nums 10101-10200 size 1A w/ “[1A]BI” prefix deployed as "N" from Winter_2019 until Winter_2024 to distinguish w/ overlapping string of 1B rings.
A89: 4763 | B89: B10140 | C89: OYALA | D89: =E89&H89 -> BI10140 | E89: BI | F89: =captureData!#REF!&"_"&D89 -> #REF! | G89: =$I89&$M89 -> [1A]BI10140 | H89: {=_xlfn.TEXTJOIN("",,MID(J89,MIN(SEARCH({0,1,2,3,4,5,6,7,8,9},J89&"0123456789")),99))} -> 10140 | I89: [1A]BI | J89: =K89&M89 -> BI10140 | K89: BI | L89: B | M89: 10140 | N89: Nums 10101-10200 size 1A w/ “[1A]BI” prefix deployed as "N" from Winter_2019 until Winter_2024 to distinguish w/ overlapping string of 1B rings.
A90: 3999 | B90: B10141 | C90: OYALA | D90: =E90&H90 -> BI10141 | E90: BI | F90: =captureData!#REF!&"_"&D90 -> #REF! | G90: =$I90&$M90 -> [1A]BI10141 | H90: {=_xlfn.TEXTJOIN("",,MID(J90,MIN(SEARCH({0,1,2,3,4,5,6,7,8,9},J90&"0123456789")),99))} -> 10141 | I90: [1A]BI | J90: =K90&M90 -> BI10141 | K90: BI | L90: B | M90: 10141 | N90: Nums 10101-10200 size 1A w/ “[1A]BI” prefix deployed as "N" from Winter_2019 until Winter_2024 to distinguish w/ overlapping string of 1B rings.
A91: 4468 | B91: B10142 | C91: OYALA | D91: =E91&H91 -> BI10142 | E91: BI | F91: =captureData!#REF!&"_"&D91 -> #REF! | G91: =$I91&$M91 -> [1A]BI10142 | H91: {=_xlfn.TEXTJOIN("",,MID(J91,MIN(SEARCH({0,1,2,3,4,5,6,7,8,9},J91&"0123456789")),99))} -> 10142 | I91: [1A]BI | J91: =K91&M91 -> BI10142 | K91: BI | L91: B | M91: 10142 | N91: Nums 10101-10200 size 1A w/ “[1A]BI” prefix deployed as "N" from Winter_2019 until Winter_2024 to distinguish w/ overlapping string of 1B rings.
A92: 5770 | B92: B10142 | C92: OYALA | G92: =$I92&$M92 -> [1A]BI10142 | H92: {=_xlfn.TEXTJOIN("",,MID(J92,MIN(SEARCH({0,1,2,3,4,5,6,7,8,9},J92&"0123456789")),99))} -> 10142 | I92: [1A]BI | J92: =K92&M92 -> BI10142 | K92: BI | L92: B | M92: 10142 | N92: Nums 10101-10200 size 1A w/ “[1A]BI” prefix deployed as "N" from Winter_2019 until Winter_2024 to distinguish w/ overlapping string of 1B rings.
A93: 6430 | B93: B10142 | C93: OYALA | G93: =$I93&$M93 -> [1A]BI10142 | H93: {=_xlfn.TEXTJOIN("",,MID(J93,MIN(SEARCH({0,1,2,3,4,5,6,7,8,9},J93&"0123456789")),99))} -> 10142 | I93: [1A]BI | J93: =K93&M93 -> BI10142 | K93: BI | L93: B | M93: 10142 | N93: Nums 10101-10200 size 1A w/ “[1A]BI” prefix deployed as "N" from Winter_2019 until Winter_2024 to distinguish w/ overlapping string of 1B rings.
A94: 4988 | B94: B10143 | C94: OYALA | D94: =E94&H94 -> BI10143 | E94: BI | F94: =captureData!#REF!&"_"&D94 -> #REF! | G94: =$I94&$M94 -> [1A]BI10143 | H94: {=_xlfn.TEXTJOIN("",,MID(J94,MIN(SEARCH({0,1,2,3,4,5,6,7,8,9},J94&"0123456789")),99))} -> 10143 | I94: [1A]BI | J94: =K94&M94 -> BI10143 | K94: BI | L94: B | M94: 10143 | N94: Nums 10101-10200 size 1A w/ “[1A]BI” prefix deployed as "N" from Winter_2019 until Winter_2024 to distinguish w/ overlapping string of 1B rings.
A95: 5336 | B95: B10143 | C95: OYALA | G95: =$I95&$M95 -> [1A]BI10143 | H95: {=_xlfn.TEXTJOIN("",,MID(J95,MIN(SEARCH({0,1,2,3,4,5,6,7,8,9},J95&"0123456789")),99))} -> 10143 | I95: [1A]BI | J95: =K95&M95 -> BI10143 | K95: BI | L95: B | M95: 10143 | N95: Nums 10101-10200 size 1A w/ “[1A]BI” prefix deployed as "N" from Winter_2019 until Winter_2024 to distinguish w/ overlapping string of 1B rings.
A96: 5939 | B96: B10143 | C96: OYALA | G96: =$I96&$M96 -> [1A]BI10143 | H96: {=_xlfn.TEXTJOIN("",,MID(J96,MIN(SEARCH({0,1,2,3,4,5,6,7,8,9},J96&"0123456789")),99))} -> 10143 | I96: [1A]BI | J96: =K96&M96 -> BI10143 | K96: BI | L96: B | M96: 10143 | N96: Nums 10101-10200 size 1A w/ “[1A]BI” prefix deployed as "N" from Winter_2019 until Winter_2024 to distinguish w/ overlapping string of 1B rings.
A97: 4093 | B97: B10144 | C97: OYALA | D97: =E97&H97 -> BI10144 | E97: BI | F97: =captureData!#REF!&"_"&D97 -> #REF! | G97: =$I97&$M97 -> [1A]BI10144 | H97: {=_xlfn.TEXTJOIN("",,MID(J97,MIN(SEARCH({0,1,2,3,4,5,6,7,8,9},J97&"0123456789")),99))} -> 10144 | I97: [1A]BI | J97: =K97&M97 -> BI10144 | K97: BI | L97: B | M97: 10144 | N97: Nums 10101-10200 size 1A w/ “[1A]BI” prefix deployed as "N" from Winter_2019 until Winter_2024 to distinguish w/ overlapping string of 1B rings.
A98: 4537 | B98: B10144 | C98: OYALA | G98: =$I98&$M98 -> [1A]BI10144 | H98: {=_xlfn.TEXTJOIN("",,MID(J98,MIN(SEARCH({0,1,2,3,4,5,6,7,8,9},J98&"0123456789")),99))} -> 10144 | I98: [1A]BI | J98: =K98&M98 -> BI10144 | K98: BI | L98: B | M98: 10144 | N98: Nums 10101-10200 size 1A w/ “[1A]BI” prefix deployed as "N" from Winter_2019 until Winter_2024 to distinguish w/ overlapping string of 1B rings.
A99: 4664 | B99: B10144 | C99: OYALA | G99: =$I99&$M99 -> [1A]BI10144 | H99: {=_xlfn.TEXTJOIN("",,MID(J99,MIN(SEARCH({0,1,2,3,4,5,6,7,8,9},J99&"0123456789")),99))} -> 10144 | I99: [1A]BI | J99: =K99&M99 -> BI10144 | K99: BI | L99: B | M99: 10144 | N99: Nums 10101-10200 size 1A w/ “[1A]BI” prefix deployed as "N" from Winter_2019 until Winter_2024 to distinguish w/ overlapping string of 1B rings.
A100: 5108 | B100: B10109 | C100: OYALA | D100: =E100&H100 -> BI10109 | E100: BI | F100: =captureData!#REF!&"_"&D100 -> #REF! | G100: =$I100&$M100 -> [1B]BI10109 | H100: {=_xlfn.TEXTJOIN("",,MID(J100,MIN(SEARCH({0,1,2,3,4,5,6,7,8,9},J100&"0123456789")),99))} -> 10109 | I100: [1B]BI | J100: =K100&M100 -> BI10109 | K100: BI | L100: B | M100: 10109 | N100: Nums 10101-10200 size 1B w/ “[1B]BI” prefix deployed as “N” from JULY_2024 through Winter_2025 to distinguish w/ overlapping string of 1A rings.
...

Sheet Net_ref
A1: Estacion | B1: ForestClass | C1: Red | D1: Red_post2023 | E1: Red_Unique | H1: This sheet matches the old Estacion numbers and 1-20ish net numbers with the new, unique net numbers created for Jan2023.
A2: P9 | B2: P | C2: 1 | D2: 1 | E2: P1 | H2: This sheet created by Billi in Oct 2023
A3: P9 | B3: P | C3: 2 | D3: 2 | E3: P2
A4: P9 | B4: P | C4: 3 | D4: 3 | E4: P3
A5: P9 | B5: P | C5: 4 | D5: 4 | E5: P4
A6: P9 | B6: P | C6: 5 | D6: 5 | E6: P5 | H6: $D2&$F2 | I6: Denotes which cells where the criteria are (estacion and red)
A7: P9 | B7: P | C7: 6 | D7: 6 | E7: P6 | H7: CHOOSE({1,2} | I7: Creates a virtual function of two columns. The first column has the merged content of the cells $D2&$F2 (estacion&red). The second column has the values from cell SHEET1!$E:$E (Red_Combined).
A8: P9 | B8: P | C8: 7 | D8: 7 | E8: P7 | H8: Sheet1!$A:$A | I8: The range to look for the content of cell $F2 (red)
A9: P9 | B9: P | C9: 8 | D9: 8 | E9: P8 | H9: Sheet1!$C:$C | I9: The range to look for the content of cell $D2 (estacion)
A10: P9 | B10: P | C10: 9 | D10: 9 | E10: P9 | H10: Sheet1!$E$E | I10: The range to extract the output (Red_Combined)
A11: P9 | B11: P | C11: 10 | D11: 10 | E11: P10 | H11: 2 | I11: 2 is the column index number of the virtual table to extract the output.
A12: P9 | B12: P | C12: 11 | D12: 11 | E12: P11 | H12: FALSE | I12: Denotes you want an exact match returned
A13: P9 | B13: P | C13: 12 | D13: 12 | E13: P12
A14: P9 | B14: P | C14: 13 | D14: 13 | E14: P13
A15: P9 | B15: P | C15: 14 | D15: 14 | E15: P14
A16: P9 | B16: P | C16: 15 | D16: 15 | E16: P15
A17: P9 | B17: P | C17: 16 | D17: 16 | E17: P16
A18: P9 | B18: P | C18: 17 | D18: 17 | E18: P17
A19: P9 | B19: P | C19: 18 | D19: 18 | E19: P18
A20: P9 | B20: P | C20: 19 | D20: 19 | E20: P19
A21: P9 | B21: P | C21: 20 | D21: 20 | E21: P20
A22: P10 | B22: P | C22: 1 | D22: 201 | E22: P201
A23: P10 | B23: P | C23: 2 | D23: 202 | E23: P202
A24: P10 | B24: P | C24: 3 | D24: 203 | E24: P203
... A286: S15-17 | B286: S | C286: 20 | D286: 520 | E286: S520

Sheet net_locationData
A1: Season | B1: Estacion | C1: Red | D1: Red_post2023 | E1: Hab | F1: Red_Unique | G1: Distance to edge (m) | H1: lat | I1: long | J1: elevation | K1: note
A2: Dec_2014 | B2: 1 | C2: 1 | E2: P | F2: P1R1 | H2: 1.040119 | I2: 11.075122 | J2: 534.65613 | K2: NSORK!
A3: Dec_2014 | B3: 1 | C3: 2 | E3: P | F3: P1R2 | H3: 1.040186 | I3: 11.075167 | J3: 531.60052
A4: Dec_2014 | B4: 1 | C4: 3 | E4: P | F4: P1R3 | H4: 1.040183 | I4: 11.07549 | J4: 531.46558
A5: Dec_2014 | B5: 1 | C5: 4 | E5: P | F5: P1R4 | H5: 1.040246 | I5: 11.075599 | J5: 529.08728
A6: Dec_2014 | B6: 1 | C6: 5 | E6: P | F6: P1R5 | H6: 1.040299 | I6: 11.075696 | J6: 526.12427
A7: Dec_2014 | B7: 1 | C7: 6 | E7: P | F7: P1R6 | H7: 1.040358 | I7: 11.075784 | J7: 524.79639
A8: Dec_2014 | B8: 2 | C8: 1 | E8: P | F8: P2R1 | H8: 1.041803 | I8: 11.077135 | J8: 509.77914
A9: Dec_2014 | B9: 2 | C9: 2 | E9: P | F9: P2R2 | H9: 1.04182 | I9: 11.077224 | J9: 511.50259
A10: Dec_2014 | B10: 2 | C10: 3 | E10: P | F10: P2R3 | H10: 1.041831 | I10: 11.077251 | J10: 511.66571
A11: Dec_2014 | B11: 2 | C11: 4 | E11: P | F11: P2R4 | H11: 1.04189 | I11: 11.077265 | J11: 509.66888
A12: Dec_2014 | B12: 2 | C12: 5 | E12: P | F12: P2R5 | H12: 1.042079 | I12: 11.077255 | J12: 508.90054
A13: Dec_2014 | B13: 2 | C13: 6 | E13: P | F13: P2R6 | H13: 1.042162 | I13: 11.077262 | J13: 508.1673
A14: Dec_2014 | B14: 3 | C14: 1 | E14: P | F14: P3R1 | H14: 1.044105 | I14: 11.077915 | J14: 515.94043
... A25: Dec_2014 | B25: 4 | C25: 6 | E25: P | F25: P4R6 | H25: 1.046166 | I25: 11.077272 | J25: 515.01172
A26: Dec_2014 | B26: 5 | C26: 1 | E26: P | F26: P5R1 | H26: 1.097299 | I26: 11.202689 | K26: exact net locations not known - have only the centerpoint of the cluster of 6 nets
A27: Dec_2014 | B27: 5 | C27: 2 | E27: P | F27: P5R2 | H27: 1.097299 | I27: 11.202689 | K27: exact net locations not known - have only the centerpoint of the cluster of 6 nets
A28: Dec_2014 | B28: 5 | C28: 3 | E28: P | F28: P5R3 | H28: 1.097299 | I28: 11.202689 | K28: exact net locations not known - have only the centerpoint of the cluster of 6 nets
A29: Dec_2014 | B29: 5 | C29: 4 | E29: P | F29: P5R4 | H29: 1.097299 | I29: 11.202689 | K29: exact net locations not known - have only the centerpoint of the cluster of 6 nets
A30: Dec_2014 | B30: 5 | C30: 5 | E30: P | F30: P5R5 | H30: 1.097299 | I30: 11.202689 | K30: exact net locations not known - have only the centerpoint of the cluster of 6 nets
A31: Dec_2014 | B31: 5 | C31: 6 | E31: P | F31: P5R6 | H31: 1.097299 | I31: 11.202689 | K31: exact net locations not known - have only the centerpoint of the cluster of 6 nets
A32: Dec_2014 | B32: 6 | C32: 1 | E32: P | F32: P6R1 | H32: 1.099245 | I32: 11.201844 | K32: exact net locations not known - have only the centerpoint of the cluster of 6 nets
A33: Dec_2014 | B33: 6 | C33: 2 | E33: P | F33: P6R2 | H33: 1.099245 | I33: 11.201844 | K33: exact net locations not known - have only the centerpoint of the cluster of 6 nets
A34: Dec_2014 | B34: 6 | C34: 3 | E34: P | F34: P6R3 | H34: 1.099245 | I34: 11.201844 | K34: exact net locations not known - have only the centerpoint of the cluster of 6 nets
A35: Dec_2014 | B35: 6 | C35: 4 | E35: P | F35: P6R4 | H35: 1.099245 | I35: 11.201844 | K35: exact net locations not known - have only the centerpoint of the cluster of 6 nets
A36: Dec_2014 | B36: 6 | C36: 5 | E36: P | F36: P6R5 | H36: 1.099245 | I36: 11.201844 | K36: exact net locations not known - have only the centerpoint of the cluster of 6 nets
A37: Dec_2014 | B37: 6 | C37: 6 | E37: P | F37: P6R6 | H37: 1.099245 | I37: 11.201844 | K37: exact net locations not known - have only the centerpoint of the cluster of 6 nets
A38: Dec_2014 | B38: 7 | C38: 1 | E38: P | F38: P7R1 | H38: 1.102502 | I38: 11.199935 | J38: 542.11273
A39: Dec_2014 | B39: 7 | C39: 2 | E39: P | F39: P7R2 | H39: 1.10257 | I39: 11.199776 | J39: 542.70062
A40: Dec_2014 | B40: 7 | C40: 3 | E40: P | F40: P7R3 | H40: 1.102682 | I40: 11.199717 | J40: 539.40936
A41: Dec_2014 | B41: 7 | C41: 4 | E41: P | F41: P7R4 | H41: 1.102838 | I41: 11.19976 | J41: 537.66547
A42: Dec_2014 | B42: 7 | C42: 5 | E42: P | F42: P7R5 | H42: 1.102945 | I42: 11.199735 | J42: 537.65204
A43: Dec_2014 | B43: 7 | C43: 6 | E43: P | F43: P7R6 | H43: 1.103131 | I43: 11.199533 | J43: 536.43854
A44: Dec_2014 | B44: 8 | C44: 1 | E44: P | F44: P8R1 | H44: 1.105093 | I44: 11.198856 | J44: 554.22852
A45: Dec_2014 | B45: 8 | C45: 2 | E45: P | F45: P8R2 | H45: 1.105214 | I45: 11.198772 | J45: 561.43988
A46: Dec_2014 | B46: 8 | C46: 3 | E46: P | F46: P8R3 | H46: 1.105239 | I46: 11.198652 | J46: 560.65485
A47: Dec_2014 | B47: 8 | C47: 4 | E47: P | F47: P8R4 | H47: 1.105302 | I47: 11.198444 | J47: 563.20758
A48: Dec_2014 | B48: 8 | C48: 5 | E48: P | F48: P8R5 | H48: 1.105422 | I48: 11.198368 | J48: 562.68689
A49: Dec_2014 | B49: 8 | C49: 6 | E49: P | F49: P8R6 | H49: 1.105403 | I49: 11.198221 | J49: 563.90997
... A85: Dec_2014 | B85: 6 | C85: 6 | E85: S | F85: S6R6 | H85: 1.081148 | I85: 11.204035 | J85: 600.84509
A86: Dec_2014 | B86: 7 | C86: 1 | E86: S | F86: S7R1 | H86: 1.087789 | I86: 11.22688 | K86: exact net locations not known - have only the centerpoint of the cluster of 6 nets
A87: Dec_2014 | B87: 7 | C87: 2 | E87: S | F87: S7R2 | H87: 1.087789 | I87: 11.22688 | K87: exact net locations not known - have only the centerpoint of the cluster of 6 nets
A88: Dec_2014 | B88: 7 | C88: 3 | E88: S | F88: S7R3 | H88: 1.087789 | I88: 11.22688 | K88: exact net locations not known - have only the centerpoint of the cluster of 6 nets
A89: Dec_2014 | B89: 7 | C89: 4 | E89: S | F89: S7R4 | H89: 1.087789 | I89: 11.22688 | K89: exact net locations not known - have only the centerpoint of the cluster of 6 nets
A90: Dec_2014 | B90: 7 | C90: 5 | E90: S | F90: S7R5 | H90: 1.087789 | I90: 11.22688 | K90: exact net locations not known - have only the centerpoint of the cluster of 6 nets
A91: Dec_2014 | B91: 7 | C91: 6 | E91: S | F91: S7R6 | H91: 1.087789 | I91: 11.22688 | K91: exact net locations not known - have only the centerpoint of the cluster of 6 nets
A92: Dec_2014 | B92: 8 | C92: 1 | E92: S | F92: S8R1 | H92: 1.08613 | I92: 11.225456 | K92: exact net locations not known - have only the centerpoint of the cluster of 6 nets
A93: Dec_2014 | B93: 8 | C93: 2 | E93: S | F93: S8R2 | H93: 1.08613 | I93: 11.225456 | K93: exact net locations not known - have only the centerpoint of the cluster of 6 nets
A94: Dec_2014 | B94: 8 | C94: 3 | E94: S | F94: S8R3 | H94: 1.08613 | I94: 11.225456 | K94: exact net locations not known - have only the centerpoint of the cluster of 6 nets
A95: Dec_2014 | B95: 8 | C95: 4 | E95: S | F95: S8R4 | H95: 1.08613 | I95: 11.225456 | K95: exact net locations not known - have only the centerpoint of the cluster of 6 nets
A96: Dec_2014 | B96: 8 | C96: 5 | E96: S | F96: S8R5 | H96: 1.08613 | I96: 11.225456 | K96: exact net locations not known - have only the centerpoint of the cluster of 6 nets
A97: Dec_2014 | B97: 8 | C97: 6 | E97: S | F97: S8R6 | H97: 1.08613 | I97: 11.225456 | K97: exact net locations not known - have only the centerpoint of the cluster of 6 nets
A98: Jan_2018 | B98: 10 | C98: 1 | E98: P | F98: =CONCATENATE(E98,B98,"R",C98) -> P10R1 | G98: 650 | H98: 1.614701 | I98: 10.878051 | K98: AW: same exact gps locs as 2017
A99: Jan_2018 | B99: 10 | C99: 10 | E99: P | F99: =CONCATENATE(E99,B99,"R",C99) -> P10R10 | G99: 603 | H99: 1.614709 | I99: 10.877604
A100: Jan_2018 | B100: 10 | C100: 11 | E100: P | F100: =CONCATENATE(E100,B100,"R",C100) -> P10R11 | G100: 586 | H100: 1.614693 | I100: 10.87746
A101: Jan_2018 | B101: 10 | C101: 12 | E101: P | F101: =CONCATENATE(E101,B101,"R",C101) -> P10R12 | G101: 574 | H101: 1.61467 | I101: 10.877342
A102: Jan_2018 | B102: 10 | C102: 13 | E102: P | F102: =CONCATENATE(E102,B102,"R",C102) -> P10R13 | G102: 564 | H102: 1.614645 | I102: 10.877266
A103: Jan_2018 | B103: 10 | C103: 14 | E103: P | F103: =CONCATENATE(E103,B103,"R",C103) -> P10R14 | G103: 550 | H103: 1.614542 | I103: 10.877152
A104: Jan_2018 | B104: 10 | C104: 15 | E104: P | F104: =CONCATENATE(E104,B104,"R",C104) -> P10R15 | G104: 535 | H104: 1.614561 | I104: 10.877021
A105: Jan_2018 | B105: 10 | C105: 16 | E105: P | F105: =CONCATENATE(E105,B105,"R",C105) -> P10R16 | G105: 524 | H105: 1.614624 | I105: 10.876883
A106: Jan_2018 | B106: 10 | C106: 17 | E106: P | F106: =CONCATENATE(E106,B106,"R",C106) -> P10R17 | G106: 513 | H106: 1.61463 | I106: 10.876767
A107: Jan_2018 | B107: 10 | C107: 18 | E107: P | F107: =CONCATENATE(E107,B107,"R",C107) -> P10R18 | G107: 502 | H107: 1.614625 | I107: 10.876678
A108: Jan_2018 | B108: 10 | C108: 19 | E108: P | F108: =CONCATENATE(E108,B108,"R",C108) -> P10R19 | G108: 484 | H108: 1.614673 | I108: 10.87648
A109: Jan_2018 | B109: 10 | C109: 2 | E109: P | F109: =CONCATENATE(E109,B109,"R",C109) -> P10R2 | G109: 682 | H109: 1.614812 | I109: 10.878317
A110: Jan_2018 | B110: 10 | C110: 20 | E110: P | F110: =CONCATENATE(E110,B110,"R",C110) -> P10R20 | G110: 476 | H110: 1.614671 | I110: 10.876395
... A117: Jan_2018 | B117: 10 | C117: 9 | E117: P | F117: =CONCATENATE(E117,B117,"R",C117) -> P10R9 | G117: 616 | H117: 1.614599 | I117: 10.877772
A118: Jan_2018 | B118: 11 | C118: 1 | E118: P | F118: =CONCATENATE(E118,B118,"R",C118) -> P11R1 | G118: 952 | H118: 1.613302 | I118: 10.881059 | K118: assumed nets for this plot were in same location as 2017
A119: Jan_2018 | B119: 11 | C119: 10 | E119: P | F119: =CONCATENATE(E119,B119,"R",C119) -> P11R10 | G119: 1074 | H119: 1.613417 | I119: 10.88213
A120: Jan_2018 | B120: 11 | C120: 11 | E120: P | F120: =CONCATENATE(E120,B120,"R",C120) -> P11R11 | G120: 1088 | H120: 1.6134 | I120: 10.882288
A121: Jan_2018 | B121: 11 | C121: 12 | E121: P | F121: =CONCATENATE(E121,B121,"R",C121) -> P11R12 | G121: 1105 | H121: 1.613449 | I121: 10.882448
A122: Jan_2018 | B122: 11 | C122: 13 | E122: P | F122: =CONCATENATE(E122,B122,"R",C122) -> P11R13 | G122: 1119 | H122: 1.613439 | I122: 10.88253
A123: Jan_2018 | B123: 11 | C123: 14 | E123: P | F123: =CONCATENATE(E123,B123,"R",C123) -> P11R14 | G123: 1126 | H123: 1.613523 | I123: 10.882608
A124: Jan_2018 | B124: 11 | C124: 15 | E124: P | F124: =CONCATENATE(E124,B124,"R",C124) -> P11R15 | G124: 1133 | H124: 1.613528 | I124: 10.882665
A125: Jan_2018 | B125: 11 | C125: 16 | E125: P | F125: =CONCATENATE(E125,B125,"R",C125) -> P11R16 | G125: 1162 | H125: 1.613511 | I125: 10.882937
A126: Jan_2018 | B126: 11 | C126: 17 | E126: P | F126: =CONCATENATE(E126,B126,"R",C126) -> P11R17 | G126: 1173 | H126: 1.613503 | I126: 10.883018
A127: Jan_2018 | B127: 11 | C127: 18 | E127: P | F127: =CONCATENATE(E127,B127,"R",C127) -> P11R18 | G127: 1186 | H127: 1.613457 | I127: 10.88315
A128: Jan_2018 | B128: 11 | C128: 19 | E128: P | F128: =CONCATENATE(E128,B128,"R",C128) -> P11R19 | G128: 1196 | H128: 1.613456 | I128: 10.883229
A129: Jan_2018 | B129: 11 | C129: 2 | E129: P | F129: =CONCATENATE(E129,B129,"R",C129) -> P11R2 | G129: 965 | H129: 1.613225 | I129: 10.881186
A130: Jan_2018 | B130: 11 | C130: 20 | E130: P | F130: =CONCATENATE(E130,B130,"R",C130) -> P11R20 | G130: 1210 | H130: 1.613423 | I130: 10.883355
... A137: Jan_2018 | B137: 11 | C137: 9 | E137: P | F137: =CONCATENATE(E137,B137,"R",C137) -> P11R9 | G137: 1057 | H137: 1.613421 | I137: 10.882
A138: Jan_2018 | B138: 12 | C138: 1 | E138: P | F138: =CONCATENATE(E138,B138,"R",C138) -> P12R1 | G138: 752 | H138: 1.616783 | I138: 10.878064 | K138: AW: same exact gps locs as 2017
A139: Jan_2018 | B139: 12 | C139: 10 | E139: P | F139: =CONCATENATE(E139,B139,"R",C139) -> P12R10 | G139: 714 | H139: 1.616684 | I139: 10.87771
A140: Jan_2018 | B140: 12 | C140: 11 | E140: P | F140: =CONCATENATE(E140,B140,"R",C140) -> P12R11 | G140: 699 | H140: 1.61663 | I140: 10.877567
A141: Jan_2018 | B141: 12 | C141: 12 | E141: P | F141: =CONCATENATE(E141,B141,"R",C141) -> P12R12 | G141: 684 | H141: 1.616596 | I141: 10.877413
A142: Jan_2018 | B142: 12 | C142: 13 | E142: P | F142: =CONCATENATE(E142,B142,"R",C142) -> P12R13 | G142: 663 | H142: 1.616553 | I142: 10.877232
A143: Jan_2018 | B143: 12 | C143: 14 | E143: P | F143: =CONCATENATE(E143,B143,"R",C143) -> P12R14 | G143: 653 | H143: 1.616547 | I143: 10.877105
A144: Jan_2018 | B144: 12 | C144: 15 | E144: P | F144: =CONCATENATE(E144,B144,"R",C144) -> P12R15 | G144: 641 | H144: 1.616546 | I144: 10.876985
A145: Jan_2018 | B145: 12 | C145: 16 | E145: P | F145: =CONCATENATE(E145,B145,"R",C145) -> P12R16 | G145: 638 | H145: 1.616596 | I145: 10.876912
A146: Jan_2018 | B146: 12 | C146: 17 | E146: P | F146: =CONCATENATE(E146,B146,"R",C146) -> P12R17 | G146: 637 | H146: 1.616671 | I146: 10.876827
A147: Jan_2018 | B147: 12 | C147: 18 | E147: P | F147: =CONCATENATE(E147,B147,"R",C147) -> P12R18 | G147: 636 | H147: 1.61672 | I147: 10.876769
A148: Jan_2018 | B148: 12 | C148: 19 | E148: P | F148: =CONCATENATE(E148,B148,"R",C148) -> P12R19 | G148: 627 | H148: 1.616743 | I148: 10.876634
A149: Jan_2018 | B149: 12 | C149: 2 | E149: P | F149: =CONCATENATE(E149,B149,"R",C149) -> P12R2 | G149: 765 | H149: 1.616811 | I149: 10.878171
A150: Jan_2018 | B150: 12 | C150: 20 | E150: P | F150: =CONCATENATE(E150,B150,"R",C150) -> P12R20 | G150: 639 | H150: 1.616951 | I150: 10.876578
... A157: Jan_2018 | B157: 12 | C157: 9 | E157: P | F157: =CONCATENATE(E157,B157,"R",C157) -> P12R9 | G157: 725 | H157: 1.616687 | I157: 10.877794
A158: Jan_2018 | B158: 13 | C158: 1 | E158: P | F158: =CONCATENATE(E158,B158,"R",C158) -> P13R1 | G158: 1016 | H158: 1.616851 | I158: 10.880728 | K158: AW: same exact gps locs as 2017
A159: Jan_2018 | B159: 13 | C159: 10 | E159: P | F159: =CONCATENATE(E159,B159,"R",C159) -> P13R10 | G159: 1124 | H159: 1.616827 | I159: 10.881786
A160: Jan_2018 | B160: 13 | C160: 11 | E160: P | F160: =CONCATENATE(E160,B160,"R",C160) -> P13R11 | G160: 1136 | H160: 1.616867 | I160: 10.881929
A161: Jan_2018 | B161: 13 | C161: 12 | E161: P | F161: =CONCATENATE(E161,B161,"R",C161) -> P13R12 | G161: 1145 | H161: 1.616858 | I161: 10.882006
A162: Jan_2018 | B162: 13 | C162: 13 | E162: P | F162: =CONCATENATE(E162,B162,"R",C162) -> P13R13 | G162: 1164 | H162: 1.616873 | I162: 10.882184
A163: Jan_2018 | B163: 13 | C163: 14 | E163: P | F163: =CONCATENATE(E163,B163,"R",C163) -> P13R14 | G163: 1182 | H163: 1.61691 | I163: 10.88235
...

Sheet updateLog
A1: Date | B1: Initials | C1: Record No. | D1: Details
A2: 45696 | B2: BAK | D2: Updated taxonomy: (1) Changed Campethera to Pardipicus [nivosus & caroli]; (2) Changed Platysteira to Dyaphorophyia for D. castanea; (3) Changed Sasia to Verreauxia for V. africana; (4) Changed Muscicapa to Bradornis for B. comitatus.
A3: 45696 | B3: BAK | D3: Corrected genus of bird w. band no. B10156 from Neocossyphus to Stizorhina.
A4: 45696 | B4: BAK | D4: Corrected ID of bird w. band no. 6401 originally ID'ed as Accipiter toussenelii in 2019 to Accipiter castanilius as per photos.
A5: 45696 | B5: BAK | D5: Corrected ID of bird w. band no. B11729 originally ID'ed as Sheppardia bocagei in 2024 to Sheppardia cyornithopsis as per distribution.
A6: 45696 | B6: BAK | D6: Made the use of "sp." consistent.
A7: 45696 | B7: BAK | D7: Corrected spelling of Anthreptes seimundi
A8: 45696 | B8: BAK | D8: Cleaned up the various ways we've entered "Illadopsis sp.", and replaced any "Illadopsis fulvescens?" and "Illadopsis rufipennis?" entries to "Illadopsis sp."
A9: 45696 | B9: BAK | D9: Cleaned up the various ways we've entered "Criniger sp.", and replaced any "Criniger ndussumensis?" and "Criniger calurus?" to "Criniger sp."
A10: 45696 | B10: BAK | D10: Replaced "Phyllastrephus sp." with "Phyllastrephus xavieri/icterinus". Didn't do the same for Criniger or Illadopsis because of the (albeit low) potential that the record could apply to C. chloronotus or I. cleaveri.
A11: 45696 | B11: BAK | D11: Made Susy's initials consistent throughout the db (SAL instead of SLM as per pers. comm. with her)
A12: 45782 | B12: BAK | D12: Imported the Winter-2025 data. "pluma" refers to "pluma_R6" for Winter-2025. A separate column for "plumas_flanco" was added.
A13: 45832 | B13: BAK | D13: Changed the species for B8680 from Bleda notatus to Hylia prasina as per original datasheet and photos.
... A16: 45832 | B16: BAK | D16: Created a column called record_number populated more or less arbitrarily after sorting date by year, just so I could have something to work with when subsetting records for qaqc.
A17: 45832 | B17: BAK | C17: 3176 | D17: Corrected band number for Cyanomitra olivacea to XB8505 (was previously just X8505)
A18: 45832 | B18: BAK | C18: 5962 | D18: Corrected band number for Eurillas latirostris to B11953 from B111953
A19: 45832 | B19: BAK | C19: 5675 | D19: Corrected band number for Bleda syndactylus to B10423 from B110423
A20: 45832 | B20: BAK | C20: 6384 | D20: Corrected band number for Cyanomitra olivacea to N50125 from NS50125
A21: 45832 | B21: BAK | C21: 5486 | D21: Corrected band number for Pogoniulus subsulphureus to N51300 from NS1300
A22: 45832 | B22: BAK | C22: 2840 | D22: Corrected band number for Bleda syndactylus to "2711" from "R02711" to be consistent with initial capture (record no. 1791).
A23: 45832 | B23: BAK | C23: 5500 | D23: Corrected species ID from N. rufus to N. poensis, and corrected band number from E024747 to E02747.
A24: 45832 | B24: BAK | C24: 5829 | D24: Corrected band number for Illadopsis from "05503 (probably wrong number)" to 5503 as per earlier capture (record no. 1289).
A25: 45832 | B25: BAK | C25: 6207 | D25: Corrected band number for Cyanomitra olivacea from N501152 to N50152 as per datasheet
A26: 45832 | B26: BAK | C26: 6011 | D26: Corrected band number for Terpsiphone rufiventer from "N5012????" to N50127 as per datasheet
A27: 45832 | B27: BAK | C27: 4445 | D27: Corrected band number for Eurillas latirostris from "B110169"to "B10169" as per datasheet and earlier captures. Set this record to recap, with record no. 4106 as the 1st capture.
A28: 45832 | B28: BAK | C28: 5540 | D28: Corrected band number for Eurillas latirostris from "BE10169" to "B10169" as per datasheet and earlier captures. Set this record to recap, with record no. 4106 as the 1st capture.
A29: 45832 | B29: BAK | C29: 4740 | D29: Confirmed ID of Stizorhina based on previous capture.
A30: 45832 | B30: BAK | D30: Taxonomy update according to AviList v2025: Changed Accipiter herein to Aerospiza, and changed "Accipiter toussenelii" to "Aerospiza tachiro toussenelii". Changed "Columba larvata" to "Aplopelia larvata". Changed "Muscicapa olivascens" to "Fraseria olivascens". Changed "Myioparus griseigularis" to "Fraseria griseigularis". Changed "Petrochelidon fuliginosa" to "Atronanus fuliginosus".
A31: 45833 | B31: BAK | C31: 5519 | D31: Changed species from 'Nicator gularis' to 'Nicator chloris' as per comms with PN.
A32: 45833 | B32: BAK | C32: 5521 | D32: Changed species from 'Nicator gularis' to 'Nicator chloris' as per comms with PN.
A33: 45834 | B33: BAK | C33: 5970 | D33: Updated note for Ispidina lecontei band number "2" as per comms with PN to clarify band numbers.
A34: 45834 | B34: BAK | C34: 5957 | D34: Updated note for Ispidina lecontei band number "3" as per comms with PN to clarify band numbers.
A35: 45867 | B35: BAK | C35: 5051 | D35: Changed Calurus sp. to Criniger calurus based on other captures being in agreement.
A36: 45867 | B36: BAK | C36: 5584 | D36: Changed Calurus sp. to Criniger calurus based on other captures being in agreement.
A37: 45867 | B37: BAK | C37: 5807 | D37: Entered Eurillas latirostris as per lab records from BRI.
A38: 45867 | B38: BAK | C38: 2378 | D38: Reverted species ID from Illadopsis fulvescens to Illadopsis sp. on account of recapture record not agreeing with ID given at initial capture.
A39: 45867 | B39: BAK | C39: 2096 | D39: Reverted species ID from Illadopsis rufipennis to Illadopsis sp. on account of recapture record not agreeing with ID given at initial capture.
A40: 45867 | B40: BAK | C40: 4871 | D40: Reverted species ID from Illadopsis fulvescens to Illadopsis sp. on account of disagreement between records.
A41: 45867 | B41: BAK | C41: 2269 | D41: Reverted species ID from Illadopsis rufipennis to Illadopsis sp. on account of disagreement between records.
A42: 45867 | B42: BAK | C42: 3650 | D42: Reverted species ID from Illadopsis rufipennis to Illadopsis sp. on account of disagreement between records.
... A88: 45868 | B88: BAK | C88: 4243 | D88: Deleted. Exact duplicate of 4242.
A89: 45868 | B89: BAK | D89: Deleted "Red_Unique" because we're implementing a new approach towards managing net numbers and stations.
A90: 45868 | B90: BAK | C90: 2702 | D90: Entered "UNBANDED" for band number as per notes. Changed Anillador to PFR since she took measurements.
A91: 45868 | B91: BAK | C91: 2674 | D91: Entered "UNBANDED" for band number as per notes.
A92: 45868 | B92: BAK | C92: 2166 | D92: Deleted. Empty record. Erroneous entries during data transfer?
A93: 45869 | B93: BAK | C93: 3284 | D93: Changed Nuevo.Recap to "R" w/ first capture of this bird on 30-01-2020 (record no. 2463)
A94: 45869 | B94: BAK | C94: 4940 | D94: Changed Nuevo.Recap to "R" w/ first capture of this bird on 30-01-2020 (record no. 2463)
A95: 45869 | B95: BAK | C95: 3134 | D95: Changed Nuevo.Recap to "R" w/ first capture of this bird on 02-02-2020 (record no. 2643)
A96: 45869 | B96: BAK | C96: 3045 | D96: Changed Nuevo.Recap to "R" w/ first capture of this bird on 05-02-2020 (record no. 2409)
A97: 45869 | B97: BAK | C97: 3526 | D97: Changed Nuevo.Recap to "R" w/ first capture of this bird on 30-01-2020 (record no. 2860)
A98: 45869 | B98: BAK | C98: 2748 | D98: Changed Nuevo.Recap to "N" as this is the first capture of this bird
A99: 45869 | B99: BAK | C99: 2866 | D99: Changed Nuevo.Recap to "N" as this is the first capture of this bird
A100: 45869 | B100: BAK | C100: 2567 | D100: Changed Nuevo.Recap to "N" as this is the first capture of this bird
A101: 45869 | B101: BAK | C101: 338 | D101: Changed ID to Phyllastrephus xavieri as per subsequent ID's consistently being xavieri
... A429: 45915 | B429: BAK | C429: 5811 | D429: Changed species from Eurillas latirostris to Aerospiza castanilius as per comms w/ Amandine confirming this bird's ID.
A430: 45922 | B430: PN | D430: Added a new column(Net lane) which stadarize the names of the net lanes across the seasons
A431: 45931 | B431: PN | C431: 360 | D431: Changed band number from 10001 to 1001
A432: 45931 | B432: PN | C432: 4886 | D432: changed the prefix to bi because it alignes with the initial capture
A433: 45931 | B433: PN | C433: 4295 | D433: changed the prefix to xbi because it alignes with the initial capture
A434: 45931 | B434: PN | C434: 5213 | D434: changed the prefix to xbi because it alignes with the initial capture
A435: 45931 | B435: PN | C435: 5233 | D435: changed the prefix to xbi because it alignes with the initial capture
A436: 45931 | B436: PN | C436: 3765 | D436: changed the prefix to xbi because it alignes with the initial capture
A437: 45931 | B437: PN | C437: 4139 | D437: changed the prefix to xbi because it alignes with the initial capture
A438: 45931 | B438: PN | C438: 2038 | D438: changed the prefix to bi
A439: 45931 | B439: PN | C439: 5292 | D439: changed the prefix to bi
A440: 45931 | B440: PN | C440: 6160 | D440: changed the prefix to bi
A441: 45931 | B441: PN | C441: 3173 | D441: changed the prefix to bi
A442: 45931 | B442: PN | C442: 4486 | D442: changed the prefix to bi
... A500: 45959 | B500: PN | C500: 5961 | D500: changed band number to 10117 based on the location captured and the year which much an initial capture of10117

Sheet reviewFlags
A1: Record 1 | B1: Record 2 | C1: Record 3 | D1: Flag Details | E1: OPEN/CLOSED | F1: Reviewed by | G1: Review Date | H1: Review Details
A2: 386 | D2: Weight for Eurillas latirostris 2417 are wrong. | E2: OPEN
A3: 387 | D3: Submitted as Chamaetylas but subsequent captures of this band number are Illadopsis cleaveri. Also, weight is incorrect. | E3: OPEN
A4: 1103 | B4: 2164 | D4: 1st record entered as Illadopsis fulvescens while the 2nd was entered as Illadopsis cleaveri. Unsure which is correct. | E4: OPEN
A5: 328 | B5: 686 | D5: 1st record entered as Chamaetylas while the 2nd was entered as Illadopsis cleaveri. Unsure which is correct (though probably Illadopsis based on measurements). | E5: OPEN
A6: 388 | B6: 696 | D6: 1st record entered as Chamaetylas while the 2nd was entered as Illadopsis cleaveri. Unsure which is correct (though probably Illadopsis based on measurements). | E6: OPEN
A7: 2361 | D7: Entered here as Illadopsis fulvescens but subsequent captures of band #9674 are Phyllastrephus xavieri/icterinus. Possible mis-ID/mistake in data entry? | E7: OPEN
A8: 834 | B8: 4896 | D8: 1st record entered as Chamaetylas while the 2nd was entered as Illadopsis cleaveri. Unsure which is correct (though probably Illadopsis based on measurements). | E8: OPEN
A9: 3954 | B9: 2430 | D9: Pardipicus nivosus as per record no. 2430? | E9: OPEN
A10: 3641 | D10: This record marked a recap but no sign of initial capture? | E10: OPEN
A11: 4994 | B11: 2910 | D11: Same band number but 2910 had the band size recorded, and that matches the XBI string. Maybe this was size 1 from BI? | E11: OPEN
A12: 5884 | B12: 6319 | D12: ID'ed as Sheppardia in 5884 but Stiphoronis in 6319, and marked as a recap. Which is the correct ID? | E12: OPEN
A13: 2661 | B13: 2881 | C13: 4844 | D13: ID'ed as "Illadopsis sp." in 2661 but Illadopsis cleaveri subsequently. Which is the correct ID? | E13: OPEN
A14: 6068 | B14: 3033 | D14: 6068 ID'ed as Alethe but 3033 ID'ed as Chamaetylas. Both records with same number, with 3033 confirmed as having XBI prefix. Two different individuals? | E14: OPEN
A15: 3765 | B15: 4139 | D15: These two caps of Eurillas latirostris | E15: OPEN
A16: 599 | B16: 841 | D16: Same species + band number but captures are w/in 5mins of each other? Bleda 2428 measurements suspect for this species. | E16: OPEN
A17: 850 | B17: 790 | D17: 850 = Alethe castanea, 790 = Eurillas latirostris but meausrements look like they might be swapped? Both have same band number. | E17: OPEN
A18: 783 | B18: 1296 | D18: 1st record (783) is latirostris, 2nd is virens (1296)…. Confirm species. Left as Eurillas latirostris/virens for now (01-Aug-2025) | E18: OPEN
A19: 5668 | B19: 5810 | C19: 6012 | D19: Looks like band numbers and species ID's might've gotten swapped around? | E19: OPEN
A20: 3311 | D20: Confirm Cinnyris batesi and not Anthreptes seimundi | E20: CLOSED | F20: BAK | G20: 45870 | H20: Reviewed ID of Cinnyris batesi and am confident in my initial ID.
A21: 5921 | D21: Confirm Cinnyris batesi and not Anthreptes seimundi | E21: OPEN
A22: 5815 | D22: Confirm Cinnyris batesi and not Anthreptes seimundi | E22: OPEN
A23: 4033 | D23: Confirm Anthreptes seimundi and not Cinnyris batesi. | E23: OPEN
A24: 4755 | D24: Confirm Anthreptes seimundi and not Cinnyris batesi. | E24: OPEN
A25: 4070 | D25: Confirm Anthreptes seimundi and not Cinnyris batesi. | E25: OPEN
A26: 5726 | D26: Confirm Anthreptes seimundi and not Cinnyris batesi. | E26: OPEN
A27: 6177 | D27: Confirm Anthreptes seimundi and not Cinnyris batesi. | E27: OPEN
A28: 335 | D28: Confirm Anthreptes seimundi and not Cinnyris batesi. | E28: OPEN
A29: 336 | D29: Confirm Anthreptes seimundi and not Cinnyris batesi. | E29: OPEN
A30: 2088 | D30: Available measurements are within the overlap zone between fulvescens and rufipennis, and no details on plumage to support ID of fulvescens were provided. Recommendation to revert to sp. | E30: OPEN
A31: 2008 | D31: Available measurements are within the overlap zone between fulvescens and rufipennis, and no details on plumage to support ID of rufipennis were provided. Recommendation to revert to sp. | E31: OPEN
A32: 2082 | D32: Wing/tail measurements in the overlap zone, and bill measurements look like they might not have been collected properly. No details on body structure to support ID of icterinus were provided. Recommendation to revert to sp. | E32: OPEN
A33: 4461 | D33: Band number doesn't make sense, and it's a recap. | E33: OPEN
A34: 3945 | B34: 5806 | D34: I think these are EGBI01572 and not "11572". Original cap would be record no. 716 | E34: OPEN
A35: 2878 | D35: Make sure this is calurus and not chloronotus based on band size. We haven't deployed 2's on calurus/ndussumensis, just chloronotus. Peso also matches chloronotus. | E35: OPEN
A36: 4912 | B36: 5573 | D36: We caught this individual 1st on 24-08-2024 and aged it FPF, but 4 months later we caught it again and aged it as DCB. That initial moult was likely SPB and it was exiting its formative plumage to go into its first “definitive”/adult plumage. Recommendation is to change the initial age from FPF to SPB and recap age to SCB. | E36: OPEN
A37: 841 | D37: Likely misidentification. Weight is too low for Bleda. | E37: OPEN
